expert_norm,total_var,var_along_expert,var_ortho_expert,direction_ratio
0.12864678,0.001912971,0.00010216513,3.8527785e-05,2.6517193
0.12387036,0.001442814,0.00013130093,2.7904534e-05,4.7053447
0.13302657,0.0019188432,0.00016770844,3.725819e-05,4.5012383
0.14434604,0.0014755938,4.688754e-05,3.0398005e-05,1.5424495
0.12191711,0.0019334931,9.04505e-05,3.921367e-05,2.3066006
0.12503965,0.0023112337,0.00016659794,4.5630546e-05,3.65101
0.13378626,0.0023952136,6.475383e-05,4.9584247e-05,1.305933
0.26318365,0.0012143236,7.243537e-05,2.4295494e-05,2.9814198
0.23199968,0.0016481288,0.00010441941,3.284488e-05,3.179159
0.14816138,0.0005804944,7.117355e-05,1.0836614e-05,6.5678163
0.17423138,0.0010860162,8.101599e-06,2.2934353e-05,0.35325015
0.21332876,0.001524783,7.0832866e-05,3.093511e-05,2.289717
0.23135792,0.0020963245,6.957027e-05,4.312243e-05,1.6133162
0.1499761,0.00075360684,4.2013817e-05,1.5140277e-05,2.7749517
0.08512221,0.00043991106,1.1160563e-05,9.122351e-06,1.2234172
0.053365868,0.0013294087,0.00024705377,2.3028828e-05,10.727976
0.12264848,0.0019000907,0.0004953972,2.9887098e-05,16.575565
0.18395896,0.0024783348,0.00040793233,4.4051118e-05,9.26041
0.2250924,0.0033786655,6.315541e-05,7.0542774e-05,0.8952769
0.15501334,0.0043279966,0.00031560997,8.536993e-05,3.6969643
0.13525252,0.0031184454,0.00048829714,5.59606e-05,8.725716
0.09514945,0.0015481594,9.2922004e-05,3.09625e-05,3.0011048
0.13703689,0.0024735914,0.00027298304,4.6821453e-05,5.830286
0.39976045,0.0023807117,3.705128e-05,4.9865117e-05,0.7430286
0.42588696,0.0032998924,0.00038934106,6.192663e-05,6.2871246
0.3962698,0.0024296003,8.186194e-05,4.9951883e-05,1.6388127
0.2921546,0.0028898055,0.00021358363,5.6940888e-05,3.7509646
0.31104556,0.0033601904,0.0002982941,6.5146734e-05,4.5787964
0.23393351,0.004752027,0.00029344708,9.48634e-05,3.0933614
0.16255173,0.002679955,0.00020089513,5.2745956e-05,3.8087232
0.013722211,0.005216539,6.0686423e-05,0.00010969899,0.5532081
0.43175483,0.0152193215,0.009431824,0.00012313825,76.595345
0.3244292,0.012528057,0.0011142136,0.00024284773,4.5881143
0.29181015,0.006283329,0.000598739,0.00012094872,4.95035
0.22086388,0.004950803,0.0021545594,5.949454e-05,36.214344
0.15235041,0.015608473,0.0050778934,0.0002240549,22.663603
0.23405562,0.012747885,0.0013330651,0.0002428685,5.4888325
0.36879966,0.005519601,0.00020273066,0.0001131249,1.7920942
0.419976,0.009115385,0.0010824209,0.00017091412,6.3331237
0.3387822,0.0019512707,0.00061928,2.834023e-05,21.851545
0.28491044,0.0023294154,0.00039724933,4.1109917e-05,9.663079
0.21648137,0.0023166586,0.0005184976,3.8258746e-05,13.55236
0.18230234,0.0032634595,0.0026510404,1.3030193e-05,203.45209
0.16518553,0.0027701114,0.0014871155,2.7297785e-05,54.477318
0.13703273,0.0034916701,0.00035711864,6.6692584e-05,5.3546896
0.10181389,0.0034295847,0.0006213827,5.974898e-05,10.39987
0.094402045,0.0021505416,1.6434786e-05,4.5406527e-05,0.36194688
0.12738411,0.0013930497,4.3299562e-05,2.871809e-05,1.5077399
0.09227316,0.0007755915,4.6501835e-05,1.5512547e-05,2.9976723
0.08001261,0.0006174478,4.5619112e-05,1.2166568e-05,3.7495155
0.07523328,0.0004825179,1.2407703e-05,1.0002345e-05,1.240467
0.07317452,0.00036648862,1.3597902e-05,7.5083135e-06,1.8110219
0.07871715,0.00047827535,3.7302576e-05,9.382399e-06,3.9757612
0.078681484,0.00037046254,1.6965456e-05,7.5212142e-06,2.2556505
0.071471855,0.0005808528,4.262973e-05,1.1451555e-05,3.7225823
0.17122447,0.0016151525,1.864952e-05,3.3968146e-05,0.5490281
0.19304852,0.0031705028,0.0002110487,6.296711e-05,3.3517237
0.2253826,0.0013248428,9.7306336e-05,2.6117797e-05,3.7256572
0.2051006,0.00096173875,7.043151e-05,1.8963985e-05,3.7139418
0.18567756,0.00071838277,0.00015251589,1.2039721e-05,12.667621
0.0064255884,0.00067699014,1.5385604e-05,1.40766915e-05,1.0929766
0.0063828593,0.00057642034,1.312746e-05,1.1984955e-05,1.0953192
0.0825965,0.0013295892,0.000110545065,2.5937108e-05,4.2620263
0.08591402,0.0009739196,0.000113631955,1.8303992e-05,6.2080083
0.13623017,0.0027039421,0.00013395879,5.4680495e-05,2.4498415
0.15229008,0.0019026947,0.00019184078,3.6401147e-05,5.2701707
0.15008144,0.0024832608,0.0005124306,4.1932555e-05,12.2203245
0.08812748,0.0017750508,7.992524e-05,3.60665e-05,2.2160459
0.06530455,0.0011498893,8.2102386e-05,2.271887e-05,3.613825
0.062812336,0.001243024,0.00012613689,2.3763556e-05,5.307975
0.085322514,0.0014395427,0.00011403318,2.820233e-05,4.043381
0.07818325,0.002239713,0.00010860517,4.5342716e-05,2.3952014
0.19031805,0.004685606,0.0002370941,9.4649185e-05,2.5049748
0.25261778,0.0046759965,0.0004100948,9.076387e-05,4.518255
0.22379881,0.003746105,0.0002364187,7.467417e-05,3.1659992
0.13643283,0.0012173443,5.052994e-05,2.4825837e-05,2.035369
0.072195105,0.00083877717,8.154575e-05,1.6111308e-05,5.0613675
0.10954914,0.00091519975,0.00012632248,1.6784623e-05,7.526039
0.13300157,0.0015349035,0.00021854075,2.8007718e-05,7.802848
0.15603653,0.0017562569,0.00013266015,3.4544613e-05,3.8402448
0.12741494,0.0023235797,0.00014753039,4.6298923e-05,3.1864688
0.1305152,0.0013421463,5.2150237e-05,2.7446726e-05,1.9000462
0.10923964,0.0015712603,7.191477e-05,3.1900967e-05,2.2543063
0.15488243,0.0010675583,3.7485497e-05,2.1916443e-05,1.7103745
0.16767775,0.0011783729,9.678471e-05,2.3012515e-05,4.2057242
0.1483578,0.0010251284,2.0526022e-05,2.1374519e-05,0.96029884
0.04319946,0.0012802435,0.00015157237,2.4014278e-05,6.311734
0.0046332907,0.001017171,2.10032e-05,2.119506e-05,0.99094325
0.45546833,0.027561244,0.019797904,0.00016517744,119.85833
0.32998386,0.008850723,0.0010672914,0.00016560491,6.444801
0.28233132,0.0037870726,8.374178e-05,7.879428e-05,1.0627888
0.2680159,0.0072482177,0.00091384776,0.00013477383,6.780597
0.40959585,0.015648548,0.0048047774,0.00023071852,20.82527
0.45065036,0.011167941,0.002892842,0.00017606594,16.430437
0.37865135,0.00086391484,6.9943803e-06,1.823235e-05,0.38362265
0.30354866,0.001938089,2.0006002e-05,4.081028e-05,0.49021852
0.20766903,0.004803624,0.0010870396,7.9076264e-05,13.746706
0.17133874,0.0032577429,0.0015106347,3.7172515e-05,40.63838
0.14955793,0.004821921,0.0006067508,8.968447e-05,6.765386
0.10973866,0.005135328,0.00034512635,0.000101919184,3.3862712
0.0736657,0.0020979655,0.0010018037,2.3322591e-05,42.954033
0.06722078,0.0021400729,0.00088734145,2.6653861e-05,33.29117
0.045273382,0.0020117639,0.00049338315,3.2305972e-05,15.27215
0.022338584,0.0016099641,0.0001529106,3.100114e-05,4.932403
0.24944617,0.0017877797,7.0666865e-05,3.6534315e-05,1.9342549
0.12682854,0.0023573607,0.00021175943,4.565109e-05,4.63864
0.19526808,0.0021382766,0.00018858236,4.1482857e-05,4.5460205
0.22144836,0.003307509,0.00018523523,6.6431356e-05,2.788366
0.21817267,0.0035941345,0.0004303241,6.7315115e-05,6.3926716
0.07846684,0.0028761239,0.00025880328,5.568767e-05,4.647399
0.011894093,0.0025540781,0.000119498654,5.179956e-05,2.306939
0.42749593,0.014508853,0.0057524247,0.00018630698,30.87604
0.31143308,0.008473456,0.003026797,0.00011588636,26.11864
0.39009276,0.016247422,0.0009953302,0.00032451257,3.0671537
0.37047595,0.009669015,0.0011815164,0.00018058508,6.54271
0.32765916,0.0016685011,0.00010242426,3.3320783e-05,3.0738761
0.263488,0.0018935334,7.185808e-05,3.8759048e-05,1.8539644
0.1976916,0.0035604488,0.0006807151,6.127093e-05,11.109901
0.17377901,0.0034034308,0.0024105487,2.112515e-05,114.10747
0.16912726,0.002516515,0.00011707788,5.1051855e-05,2.2933085
0.13724186,0.0037800306,0.00055376894,6.8643865e-05,8.067263
0.11701047,0.004848006,0.0027115277,4.545699e-05,59.650276
0.11066066,0.0021931482,0.00066906936,3.242721e-05,20.632898
0.10052287,0.0017221156,0.00043078288,2.7475162e-05,15.678936
0.08844304,0.0018775974,0.00061761297,2.680818e-05,23.038141
0.08953133,0.003240387,0.0011724003,4.3999717e-05,26.645575
0.087707385,0.0084601315,0.0006974225,0.00016516402,4.222603
0.20772962,0.0037716925,0.00014478328,7.716828e-05,1.8761994
0.20887686,0.0043646498,0.0003846144,8.4681604e-05,4.541883
0.15166363,0.0032122266,0.00023765543,6.3288746e-05,3.755092
0.15391645,0.0013320299,8.731995e-05,2.648319e-05,3.2971716
0.18598966,0.002287487,7.071621e-05,4.7165337e-05,1.4993228
0.2109618,0.003682434,0.00024634853,7.3108204e-05,3.369638
0.15587302,0.0020325533,0.0001872113,3.9262595e-05,4.7681727
0.10098283,0.002510639,0.00018580939,4.946446e-05,3.7564147
0.061407633,0.00312126,0.00019999752,6.215452e-05,3.2177417
0.48653728,0.02816184,0.018155305,0.00021290501,85.27416
0.46162036,0.0024227845,1.1199406e-05,5.1310322e-05,0.21826766
0.37239522,0.0057327948,6.245239e-05,0.000120645585,0.51765126
0.31504765,0.01677562,0.0068989387,0.00021014214,32.829853
0.43140656,0.0119389165,0.0027102989,0.00019635358,13.803148
0.5244833,0.005020275,6.739073e-05,0.00010538052,0.6394983
0.54053813,0.008394837,0.001920974,0.00013774178,13.946187
0.43197554,0.009081703,0.0036452166,0.000115669915,31.513927
0.40108314,0.0023802794,0.00015095534,4.7432426e-05,3.182528
0.33736825,0.0015649025,6.9852525e-05,3.1809574e-05,2.1959524
0.3256891,0.006047557,0.0025264432,7.491732e-05,33.72304
0.31707734,0.006304748,0.00034481814,0.00012680702,2.7192333
0.26505235,0.0050218133,0.00025898736,0.00010133672,2.5557084
0.25401995,0.005387242,0.001926983,7.3622534e-05,26.173784
0.20560065,0.018600194,0.009845883,0.00018626194,52.860382
0.12538779,0.020444155,0.0019277957,0.0003939651,4.893315
0.5908695,0.004479087,0.00022134354,9.0590285e-05,2.4433446
0.5097025,0.0017659941,7.0870155e-05,3.6066467e-05,1.9649822
0.20039423,0.0008842678,1.5490075e-05,1.8484632e-05,0.83799297
0.07773297,0.00072528323,0.00017443918,1.1720086e-05,14.883653
0.13515083,0.00054887496,4.7363934e-05,1.0670447e-05,4.438754
0.21165678,0.0029121977,0.00011644528,5.9484093e-05,1.9575835
0.21640173,0.001053497,4.086238e-05,2.1545417e-05,1.8965607
0.20295517,0.0006941351,3.0031943e-05,1.4129854e-05,2.1254098
0.15029809,0.0004163679,3.6396676e-05,8.084494e-06,4.5019794
0.16252974,0.0004566409,4.523803e-05,8.753253e-06,5.1680803
0.38192007,0.003180998,0.0004132725,5.8887774e-05,7.0179563
0.48887908,0.0026299607,7.401155e-05,5.4381897e-05,1.3609569
0.4642813,0.005386692,0.00021728003,0.00010998749,1.9754958
0.22535138,0.007437176,0.00084197015,0.00014032354,6.0002017
0.18308343,0.0021541417,0.00013113026,4.3042797e-05,3.0465019
0.16619633,0.0007556236,3.4544177e-05,1.5342117e-05,2.2515767
0.07527038,0.00037856607,2.0189282e-05,7.625038e-06,2.6477268
0.067990206,0.00042295392,2.484814e-05,8.470335e-06,2.9335139
0.13920191,0.00051495596,9.58431e-05,8.9172945e-06,10.747881
0.22885844,0.0020687385,0.0002683153,3.8306876e-05,7.0043464
0.25016236,0.0007825545,3.2437758e-05,1.5959931e-05,2.032437
0.20494951,0.00032187847,7.923995e-06,6.6798825e-06,1.18623
0.107447155,0.00026591413,1.0650532e-05,5.43114e-06,1.9609761
0.1392698,0.00075153995,3.99816e-05,1.5139539e-05,2.6408558
0.14604817,0.0012518545,4.6853496e-05,2.563832e-05,1.8274721
0.14143702,0.001212313,7.901874e-05,2.4112642e-05,3.2770534
0.017828494,0.00070410536,4.2026008e-05,1.4086795e-05,2.9833407
0.47649455,0.015824616,0.0062360307,0.00020401245,30.566896
0.39421633,0.010339916,0.0017526716,0.00018270731,9.592777
0.28770006,0.007404925,0.0006775973,0.00014313463,4.7339826
0.21229495,0.024054974,0.009338706,0.0003131121,29.82543
0.17571391,0.00723477,0.0027117885,9.623364e-05,28.179186
0.17309734,0.013083618,0.0040445435,0.00019232073,21.03019
0.3800596,0.012554435,0.00078522635,0.00025040872,3.1357777
0.46162817,0.010659514,0.00029772692,0.00022046355,1.350458
0.4762279,0.0014743858,5.1290215e-05,3.027863e-05,1.6939355
0.31643853,0.003330894,0.001177354,4.582e-05,25.695143
0.28344736,0.0026982785,0.0010212928,3.5680547e-05,28.62316
0.23417592,0.0026583106,5.7259917e-05,5.5341505e-05,1.0346631
0.17550322,0.0035151886,0.00085017574,5.67024e-05,14.993621
0.17021033,0.0037590975,0.0015047948,4.7963884e-05,31.373434
0.14423092,0.0045064543,0.0008261678,7.8303965e-05,10.550765
0.10945152,0.0040541743,0.00012531056,8.359285e-05,1.4990565
0.18746829,0.0038967927,0.00047064203,7.289682e-05,6.4562674
0.1658688,0.0038748302,0.00031746912,7.5688535e-05,4.1944094
0.07729427,0.002417691,0.0001078057,4.9146496e-05,2.193554
0.062746026,0.0016523772,6.8630696e-05,3.3696735e-05,2.0367105
0.04893386,0.0010604326,4.656753e-05,2.1571597e-05,2.1587327
0.05970876,0.0013737238,9.677845e-05,2.716905e-05,3.5620713
0.16129805,0.0024542594,0.00017404015,4.8515303e-05,3.5873175
0.21600388,0.0047350377,0.00045080014,9.115399e-05,4.9454737
0.20863661,0.0038870813,0.00053195923,7.138558e-05,7.4519043
0.14399669,0.0029035488,0.00014629091,5.866506e-05,2.4936593
0.097398855,0.0026801755,0.000118427975,5.4505268e-05,2.1727765
0.104130946,0.0022229715,5.020256e-05,4.622913e-05,1.0859486
0.36605108,0.0066667376,0.0008962683,0.00012277593,7.3000264
0.32952717,0.0034379826,0.00011141904,7.077795e-05,1.5742033
0.29657885,0.00831517,0.0008591219,0.00015863933,5.415563
0.34223688,0.006705531,0.0016946899,0.00010661364,15.895604
0.3106646,0.01131711,0.0019049945,0.00020025778,9.512707
0.34049264,0.0047805225,0.00033721188,9.4538525e-05,3.5669217
0.2980593,0.0038993102,0.0004267034,7.3885254e-05,5.7752094
0.27004585,0.0013603778,7.707711e-05,2.730427e-05,2.8228855
0.27373314,0.006723363,0.0014153287,0.000112936905,12.532019
0.2461181,0.0064760875,0.0011045941,0.00011428709,9.665073
0.22564833,0.0062551256,0.004657718,3.39874e-05,137.0421
0.2541663,0.004339434,0.0009974943,7.11051e-05,14.028429
0.24236274,0.00373615,0.0009774758,5.8695197e-05,16.653393
0.21179405,0.0051106266,0.0024072293,5.751909e-05,41.85089
0.22696047,0.00294921,0.0004867956,5.2391795e-05,9.2914295
0.21318428,0.0034782297,0.0002127702,6.9477865e-05,3.0624127
0.3904451,0.002107719,7.864719e-06,4.467775e-05,0.17603174
0.38729295,0.00054251443,1.0600713e-05,1.1317313e-05,0.9366728
0.18757468,0.0007685776,3.1090898e-05,1.5691206e-05,1.9814092
0.13351108,0.0005354154,4.5480883e-05,1.0424139e-05,4.3629932
0.070958875,0.0006608934,2.9721132e-05,1.3429197e-05,2.2131562
0.14126655,0.00089643477,0.0002625317,1.34873e-05,19.464962
0.22674567,0.003372914,0.00021604226,6.7167486e-05,3.216466
0.25061196,0.002328875,0.00013012848,4.678184e-05,2.7815967
0.20987274,0.00033006087,5.4086454e-06,6.907494e-06,0.7829999
0.09456592,0.00030582977,2.3896286e-05,5.998585e-06,3.9835873
0.06458982,0.00030059295,1.4158533e-05,6.0943494e-06,2.323185
0.07589048,0.0005395517,2.433607e-05,1.0962036e-05,2.2200117
0.12895419,0.00087726954,5.714862e-05,1.7449382e-05,3.2750897
0.13445123,0.001182742,6.781686e-05,2.3721812e-05,2.8588276
0.08867742,0.00083625846,5.0787356e-05,1.671215e-05,3.0389297
0.1273798,0.003241931,0.0001189788,6.644579e-05,1.7906119
0.13186678,0.0015641782,4.8086604e-05,3.2257267e-05,1.490717
0.105690226,0.0010523355,5.028336e-05,2.1320257e-05,2.358467
0.09440467,0.0005446996,5.570173e-05,1.0404211e-05,5.3537164
0.1442183,0.00033611283,2.6962078e-05,6.577676e-06,4.0989656
0.17783757,0.0008890892,3.506469e-05,1.8170735e-05,1.9297237
0.19802853,0.0007217928,4.448705e-05,1.4410761e-05,3.0870502
0.17386895,0.00075307686,1.8798783e-05,1.5622938e-05,1.2032732
0.11867144,0.00056705996,1.7010443e-05,1.1703181e-05,1.4534764
0.107124925,0.0010213997,2.1391466e-05,2.1276772e-05,1.0053859
0.11081868,0.0017031435,3.2508404e-05,3.554543e-05,0.9145568
0.099116184,0.0016287431,8.422849e-05,3.2862015e-05,2.5630882
0.010969169,0.0045554787,0.00042951186,8.7786524e-05,4.8926797
0.518713,0.0025929422,0.00010858592,5.2858646e-05,2.054266
0.4050142,0.0019593784,7.418535e-05,4.011049e-05,1.8495203
0.16521852,0.0017428244,0.0001509174,3.387036e-05,4.455724
0.25055498,0.0013575221,4.4889297e-05,2.7928358e-05,1.607296
0.3218267,0.0018760734,0.00012270793,3.730565e-05,3.2892501
0.32672653,0.0022900712,0.00013049817,4.5948364e-05,2.8400989
0.34955853,0.0029712797,7.8344834e-05,6.15518e-05,1.2728256
0.3433572,0.004289199,0.0002282674,8.64028e-05,2.641895
0.29553863,0.0032708212,0.00011414428,6.716334e-05,1.6995002
0.16009708,0.0016331476,7.248506e-05,3.3205586e-05,2.1829112
0.11014163,0.0017402543,0.00011752093,3.452624e-05,3.4038053
0.23623316,0.0036484671,0.00033782603,7.043917e-05,4.7959895
0.26871005,0.0043997983,0.0002917224,8.7405875e-05,3.3375566
0.22237141,0.0039736703,0.0004939147,7.403735e-05,6.671147
0.15358484,0.0016486156,0.00025167296,2.9722183e-05,8.467484
0.0742032,0.00091495947,6.3698004e-05,1.8111947e-05,3.516886
0.10599307,0.0016446393,0.00030614206,2.8478666e-05,10.749836
0.1820775,0.0015841939,6.130673e-05,3.2401855e-05,1.892069
0.37027082,0.0028642477,8.01688e-05,5.923572e-05,1.3533838
0.41268894,0.0018480353,0.00014209315,3.6296642e-05,3.9147635
0.3761102,0.0021536755,0.0001827409,4.193478e-05,4.3577304
0.15087853,0.0011379521,0.0001404816,2.1222775e-05,6.619348
0.10171677,0.00079599296,5.5541714e-05,1.5754282e-05,3.5254772
0.08290024,0.0016538445,0.00014633451,3.207468e-05,4.562292
0.23008743,0.0031178389,0.0004190052,5.7421992e-05,7.296934
0.34102476,0.0019876962,0.00015151133,3.9067763e-05,3.8781576
0.4129389,0.0016779108,9.45715e-05,3.368807e-05,2.8072617
0.20788994,0.0032933499,0.00041449626,6.1252205e-05,6.7670307
0.26018494,0.0024060905,0.00032157902,4.435131e-05,7.250706
0.27518025,0.0017586261,0.00021707773,3.2798904e-05,6.618425
0.23458257,0.000428596,6.5678705e-06,8.979322e-06,0.7314358
0.16524456,0.0004856167,1.4885416e-05,1.0015559e-05,1.4862143
0.1689345,0.0012804153,2.8310711e-05,2.6640524e-05,1.0626894
0.13790515,0.00035648688,1.0153745e-05,7.36879e-06,1.3779205
0.14809696,0.0007182914,0.00014747755,1.2144975e-05,12.142992
0.12930265,0.0011071819,6.568819e-05,2.2159442e-05,2.9643297
0.118637435,0.00031730015,8.385791e-05,4.966856e-06,16.883158
0.009020413,0.0002388675,1.3175082e-05,4.8019665e-06,2.7436275
0.30570236,0.0024232562,0.00058911514,3.902428e-05,15.096081
0.13332339,0.0059532747,0.0019747815,8.464879e-05,23.329088
0.072417855,0.0013052584,0.00025207974,2.2408058e-05,11.249463
0.05971326,0.00082147797,0.000108923305,1.5160737e-05,7.184518
0.10249818,0.0009024874,5.212124e-05,1.8092896e-05,2.8807411
0.10154287,0.00094617106,0.00013105928,1.7342803e-05,7.5569396
0.10413347,0.001513259,3.4219884e-05,3.1468917e-05,1.0874151
0.22750887,0.002417994,0.00065211864,3.7571815e-05,17.356546
0.27818874,0.0021625161,0.00022163306,4.129538e-05,5.3670053
0.28363255,0.005306365,0.0015889923,7.9093035e-05,20.090141
0.12484498,0.010058986,0.002910794,0.0001520892,19.138716
0.07886152,0.0019817406,0.000108636836,3.9853272e-05,2.7259133
0.07491368,0.0017414514,4.82999e-05,3.60245e-05,1.3407477
0.083009526,0.0014052758,4.0359715e-05,2.9040768e-05,1.3897558
0.0825072,0.0014617789,9.481464e-05,2.9084344e-05,3.2599778
0.06450304,0.0009723689,1.4828457e-05,2.0373202e-05,0.7278377
0.20028256,0.0027101615,0.00044162094,4.8266822e-05,9.149557
0.12254606,0.0008803662,1.9879193e-05,1.8308234e-05,1.0858002
0.07323874,0.00016157317,5.0176295e-06,3.330969e-06,1.506312
0.12469998,0.000349129,1.7833272e-05,7.048845e-06,2.5299208
0.15369578,0.0008458136,7.167376e-05,1.647106e-05,4.3514705
0.16609533,0.0019522716,0.0003943873,3.3146473e-05,11.898283
0.14890963,0.0004560231,7.559139e-06,9.541786e-06,0.7922059
0.1616695,0.0013980402,0.00011307174,2.7339755e-05,4.135784
0.20499294,0.0017636296,5.4974415e-05,3.6354366e-05,1.5121778
0.2339204,0.0009389417,3.844724e-05,1.9159457e-05,2.0066874
0.3055209,0.0031283917,0.00012226166,6.3960215e-05,1.9115236
0.25736532,0.0019389549,7.5785974e-05,3.964189e-05,1.9117601
0.14993426,0.0016201567,0.0001244659,3.182321e-05,3.9111557
0.22863677,0.0013990984,3.8464077e-05,2.8949667e-05,1.3286489
0.39609328,0.0011736659,2.0777992e-05,2.4529529e-05,0.8470569
0.4629531,0.001785336,3.7928246e-05,3.717889e-05,1.0201528
0.38815236,0.0016405416,2.5859128e-05,3.4354947e-05,0.7527025
0.192781,0.0014803018,7.385773e-05,2.9924344e-05,2.4681404
0.1971364,0.0029310705,6.572338e-05,6.096483e-05,1.0780523
0.29363218,0.0022581976,6.130929e-05,4.674231e-05,1.3116417
0.28622475,0.0023911216,3.3013523e-05,5.017251e-05,0.6579989
0.20209119,0.004233375,0.00013099912,8.72846e-05,1.5008256
0.08214337,0.004504212,0.00017284026,9.215684e-05,1.875499
0.2593153,0.0013449922,0.00022777151,2.3770654e-05,9.582006
0.114671305,0.00551877,0.0017168864,8.0891135e-05,21.224628
0.06364786,0.001688482,0.00018351893,3.202049e-05,5.7312794
0.19297822,0.0013960549,0.00012500824,2.7043545e-05,4.6224627
0.23272285,0.00813571,0.0009236596,0.00015344788,6.0193663
0.24672683,0.01186065,0.0024474012,0.0002002819,12.219776
0.14027257,0.0068854652,0.0009367139,0.00012656917,7.4008
0.054548718,0.0012818144,3.9871626e-05,2.6424314e-05,1.5088935
0.057299715,0.0014289671,0.00011538016,2.794866e-05,4.128275
0.07194889,0.0014704927,8.2161154e-05,2.953897e-05,2.7814403
0.07426082,0.0013181907,4.135816e-05,2.716665e-05,1.5223815
0.055526424,0.0007595322,3.994419e-05,1.5310383e-05,2.6089437
0.0546022,0.0007747023,4.2309362e-05,1.558283e-05,2.7151096
0.054863334,0.00084667566,7.086739e-05,1.6506558e-05,4.293261
0.0564087,0.0006484954,4.3039687e-05,1.2882037e-05,3.3410363
0.05461149,0.00074924703,2.9297213e-05,1.531808e-05,1.9125777
0.27139723,0.002316581,0.0001647039,4.578462e-05,3.5973551
0.24398491,0.001540802,0.00018381154,2.8872137e-05,6.366377
0.13548183,0.0023925435,0.00011970818,4.8358197e-05,2.4754424
0.24140193,0.0032223184,0.00019813096,6.4344415e-05,3.0792205
0.29027316,0.0040229643,0.0011323275,6.1502906e-05,18.410929
0.298989,0.0034193143,0.00013479184,6.9883456e-05,1.9288063
0.19580458,0.0016786315,4.6784375e-05,3.4720153e-05,1.3474665
0.117175095,0.0025448715,0.0002881365,4.8015638e-05,6.0008764
0.013920922,0.0018661672,0.00014570574,3.660556e-05,3.9804156
0.29826185,0.002474044,0.00020813962,4.821073e-05,4.3172793
0.27095434,0.001617485,3.846786e-05,3.359611e-05,1.1450061
0.15668184,0.001833641,0.0001880491,3.5012592e-05,5.370884
0.085509844,0.0009762596,5.6650373e-05,1.9566154e-05,2.8953102
0.059540354,0.0019196931,7.381187e-05,3.927407e-05,1.8793999
0.14368407,0.0015764728,0.0002959117,2.724598e-05,10.860707
0.25284466,0.0044551888,0.00031225805,8.814746e-05,3.5424469
0.29842812,0.006914855,0.0012787922,0.000119916236,10.664036
0.22990254,0.00078205555,2.1900338e-05,1.6173515e-05,1.354078
0.26581335,0.0010496639,8.476206e-05,2.0529826e-05,4.128708
0.21924637,0.0022187023,0.00022285315,4.2464875e-05,5.2479286
0.172214,0.000394632,1.7090038e-05,8.032807e-06,2.1275034
0.0051444597,0.0001312086,1.1817312e-06,2.766529e-06,0.42713758
0.004883375,3.2065956e-05,2.6813345e-06,6.2520473e-07,4.2880445
0.003252678,5.2529304e-05,4.127848e-06,1.0298182e-06,4.0079374
0.5129515,0.024098594,0.007731677,0.00034823228,22.202637
0.5001264,0.010980638,0.0049244235,0.00012885562,38.216568
0.35867608,0.014565555,0.004844511,0.00020683074,23.422575
0.38280457,0.0073104557,0.0004229232,0.00014654324,2.885994
0.4983745,0.007813809,0.0032456403,9.719508e-05,33.393017
0.5032647,0.003273301,0.0007392313,5.3916378e-05,13.710675
0.4364119,0.001800509,2.2413064e-05,3.783183e-05,0.5924378
0.2965809,0.0036037632,0.00021057097,7.219558e-05,2.9166698
0.24442899,0.0032000681,0.0016396501,3.3200384e-05,49.386333
0.2282731,0.0028234427,0.0005595369,4.8168207e-05,11.616288
0.20286795,0.0029890072,0.0001613274,6.01634e-05,2.6814833
0.15783216,0.0062902616,0.002170895,8.764609e-05,24.768845
0.13481136,0.0026234032,0.0016894721,1.9870875e-05,85.0221
0.11264823,0.0065707257,0.0027205,8.1919694e-05,33.209312
0.076300815,0.010646606,0.005310522,0.0001135337,46.77481
0.054541957,0.0039481386,0.00039568258,7.558417e-05,5.234986
0.18636896,0.0029552898,0.00016629123,5.9340397e-05,2.8023229
0.16591649,0.0014207523,8.068353e-05,2.85121e-05,2.8297896
0.12449344,0.0012522368,0.0001620205,2.319609e-05,6.9847894
0.2830439,0.0018922668,0.00022818758,3.540594e-05,6.444877
0.36480635,0.0013078535,3.0178147e-05,2.7184582e-05,1.1101159
0.4067499,0.0009224089,0.000104759194,1.7396802e-05,6.0217156
0.3064303,0.0007262997,2.5269388e-05,1.49155385e-05,1.6941539
0.16890621,0.0022427998,5.9273567e-05,4.6458004e-05,1.2758499
0.41471356,0.0024539349,4.2734075e-05,5.1302148e-05,0.8329864
0.60185647,0.0032917466,0.00013127511,6.724407e-05,1.9522154
0.73456025,0.004694717,0.00038396704,9.171808e-05,4.1863785
0.12077706,0.0018094772,5.8333317e-05,3.725838e-05,1.5656387
0.11291543,0.0009969603,3.960657e-05,2.0369229e-05,1.9444219
0.07057446,0.00084830436,2.5590187e-05,1.7504557e-05,1.4619074
0.0822384,0.00082485285,0.00013799802,1.4613933e-05,9.442843
0.12455816,0.0020133588,0.000107501604,4.0550152e-05,2.6510713
0.1678037,0.0024466196,6.522841e-05,5.0667895e-05,1.287369
0.14776857,0.0020323684,5.4874276e-05,4.2074345e-05,1.3042186
0.10783947,0.0012167366,2.7284892e-05,2.5307485e-05,1.078131
0.07945168,0.0017259842,7.575408e-05,3.5111276e-05,2.1575367
0.06378827,0.0019485604,9.9955694e-05,3.9332015e-05,2.5413253
0.043826908,0.0031116614,0.00013038988,6.343131e-05,2.0556042
0.13261957,0.0024473283,7.987726e-05,5.0371298e-05,1.5857662
0.16078669,0.0013675389,4.5080636e-05,2.813741e-05,1.6021544
0.13241044,0.00092648674,1.6243715e-05,1.9366873e-05,0.8387328
0.09866974,0.0009742324,6.1273764e-05,1.9424651e-05,3.1544168
0.15024367,0.00075389864,3.127021e-05,1.5375073e-05,2.0338118
0.20268369,0.0013148177,3.044172e-05,2.7327149e-05,1.1139694
0.21453346,0.0009892765,2.0016862e-05,2.0622545e-05,0.97062534
0.16880302,0.00058121304,1.0973462e-05,1.2132757e-05,0.9044417
0.114033885,0.0004239445,1.7653476e-05,8.64449e-06,2.0421414
0.082317516,0.0006927744,5.2110365e-05,1.3631151e-05,3.82286
0.1195116,0.0007466954,1.9304074e-05,1.5476411e-05,1.2473143
0.11698819,0.0010293502,0.000114202274,1.9471232e-05,5.8651495
0.06834934,0.0007095799,4.5942277e-05,1.411995e-05,3.253691
0.19889686,0.0013723471,6.224176e-05,2.7874581e-05,2.2329137
0.1708596,0.0005877299,1.3563684e-05,1.2216303e-05,1.1102846
0.07585392,0.00054905895,5.0258666e-05,1.0612773e-05,4.7356324
0.058378637,0.00039593858,7.06468e-05,6.9211014e-06,10.207303
0.028691657,0.00023493168,6.999587e-06,4.849619e-06,1.4432975
0.060517147,0.00056771486,0.00017323994,8.393084e-06,20.64055
0.079471365,0.0017673911,0.0002207665,3.2906904e-05,6.7088
0.102335684,0.0029374724,0.00059314136,4.987938e-05,11.891491
0.15908827,0.0007677542,3.444985e-05,1.560222e-05,2.2079954
0.16575357,0.00076101255,2.2984403e-05,1.5702726e-05,1.4637113
0.14420658,0.00038911833,5.6476524e-06,8.158951e-06,0.6921948
0.077932954,0.00030643836,1.7552551e-05,6.1465066e-06,2.855649
0.16498232,0.00096775754,0.00022373539,1.583026e-05,14.133311
0.36149138,0.0019123079,0.00010813287,3.8386705e-05,2.8169281
0.48981637,0.0036215833,0.00019185484,7.297295e-05,2.629119
0.5462589,0.004697577,0.00045441923,9.027995e-05,5.03344
0.12163853,0.0027084784,0.00023643629,5.259664e-05,4.4952655
0.095602624,0.0023497061,9.944666e-05,4.787786e-05,2.0770864
0.08299657,0.0016510607,3.6236932e-05,3.4357952e-05,1.0546854
0.075858876,0.001081381,4.2477765e-05,2.2104325e-05,1.921686
0.122352846,0.0020302017,0.00053480145,3.1817024e-05,16.808605
0.2689908,0.0010999463,3.8695933e-05,2.2579794e-05,1.713734
0.3005105,0.002153745,0.00019542828,4.1666313e-05,4.6903076
0.29679486,0.0015441666,2.5080652e-05,3.232098e-05,0.7759844
0.20254292,0.003042107,0.00012923546,6.197599e-05,2.085247
0.2809761,0.0048342315,0.00038478602,9.466905e-05,4.064534
0.2550099,0.0053118067,0.00059525185,0.00010035223,5.9316196
0.2056432,0.0063329283,0.0023271933,8.52284e-05,27.305342
0.028583761,0.004981674,0.00077139976,8.95803e-05,8.611256
0.13975833,0.0016177616,0.00010422794,3.2202843e-05,3.2365968
0.19165583,0.0016007589,0.00014650675,3.0941537e-05,4.7349386
0.1847598,0.0020962234,0.00011679693,4.211546e-05,2.7732491
0.08412168,0.0012141359,8.3749925e-05,2.4050767e-05,3.4822
0.00871849,0.0019171175,9.657832e-05,3.8734877e-05,2.4933105
0.49517152,0.022809096,0.012858391,0.00021171712,60.733795
0.44055268,0.008506139,0.0018015323,0.0001426512,12.628923
0.2969731,0.00497142,0.0008299609,8.8116154e-05,9.418931
0.23875338,0.0077995793,0.0040027294,8.078404e-05,49.548454
0.2743563,0.011828567,0.004749778,0.00015061253,31.536386
0.43882227,0.009404795,0.0018440672,0.00016086656,11.463327
0.46973205,0.007181714,0.0005113263,0.00014192314,3.6028368
0.4518259,0.0013241183,2.1968955e-05,2.7705306e-05,0.7929483
0.30362067,0.0050212424,0.0011870669,8.15782e-05,14.551258
0.25804365,0.0051765987,0.0038980527,2.7203105e-05,143.29388
0.23747218,0.0026062212,0.00021182887,5.094452e-05,4.1580224
0.18113263,0.004960082,0.0006739556,9.1194175e-05,7.390328
0.14618266,0.0050363075,0.0033986552,3.4843666e-05,97.53984
0.14773414,0.0048648827,0.001008962,8.204087e-05,12.29827
0.1317532,0.0046804203,0.00030283103,9.3140196e-05,3.2513428
0.13179049,0.006502661,0.00023394133,0.00013337702,1.753984
0.16090469,0.0011658736,3.194936e-05,2.4126048e-05,1.3242627
0.1431965,0.00043454306,1.2466064e-05,8.980362e-06,1.3881317
0.12289298,0.00038905066,1.7211896e-05,7.911463e-06,2.1755366
0.077330254,0.00047668835,1.711022e-05,9.778258e-06,1.7498051
0.17975113,0.0035443828,0.0010004579,5.412606e-05,18.483816
0.22507994,0.0012773002,0.00010666941,2.4907038e-05,4.2826843
0.24129118,0.0059335954,0.0016265628,9.163899e-05,17.74966
0.20034534,0.0004044621,2.2460492e-05,8.127694e-06,2.763418
0.17240512,0.0016933847,0.00033095074,2.8987957e-05,11.416797
0.16339871,0.002116603,0.000380078,3.6947342e-05,10.286992
0.07517366,0.0008119072,0.00010810244,1.4974568e-05,7.2190204
0.14949718,0.0019100516,5.8074256e-05,3.9403774e-05,1.473821
0.12531172,0.0003836079,3.340614e-05,7.4511013e-06,4.4833226
0.11855442,0.0010154415,0.0001886349,1.759163e-05,10.722931
0.2374423,0.0008348938,4.0649218e-05,1.689882e-05,2.4054327
0.29912573,0.0015393225,8.022979e-05,3.1044525e-05,2.5843377
0.27369612,0.0004765609,1.2313137e-05,9.877612e-06,1.2465576
0.17265499,0.0002871002,6.7329293e-06,5.965261e-06,1.1286708
0.07176781,0.0002001134,5.6870695e-06,4.1367307e-06,1.3747407
0.21615149,0.0008630631,9.358616e-05,1.6371849e-05,5.7162504
0.3274509,0.0020047799,0.00026615264,3.6992067e-05,7.194838
0.32644376,0.0023173033,2.1397867e-05,4.884905e-05,0.43803972
0.1345727,0.0015336623,5.3481534e-05,3.1493208e-05,1.6981874
0.08553175,0.0018961609,2.5521726e-05,3.9800834e-05,0.64123434
0.088484004,0.00048060963,4.5248376e-05,9.263005e-06,4.8847957
0.07253305,0.0004327668,3.3036235e-05,8.504906e-06,3.8843281
0.089243926,0.0022388485,0.000376013,3.9634797e-05,9.4869175
0.11994917,0.0018462029,0.0004934396,2.8782197e-05,17.143858
0.13017139,0.0006789002,4.5177465e-05,1.3483463e-05,3.3505585
0.1345663,0.00057425187,5.003087e-06,1.2111676e-05,0.41307625
0.11461418,0.00021921686,6.24377e-06,4.5313423e-06,1.3778769
0.09725988,0.00050436665,1.3265965e-05,1.044895e-05,1.2695857
0.09908029,0.00089073397,7.427135e-05,1.7371545e-05,4.275436
0.08962719,0.0006373366,4.533691e-05,1.2595738e-05,3.5993564
0.0025653664,0.002235931,0.00015244962,4.4329394e-05,3.439011
0.15493055,0.0011913786,7.54965e-05,2.3742172e-05,3.1798346
0.14110702,0.00075743825,2.5480598e-05,1.5573567e-05,1.6361334
0.094692186,0.0003548849,6.9310986e-06,7.403272e-06,0.93620837
0.119616635,0.00037198377,1.772913e-05,7.5373327e-06,2.3521442
0.1934689,0.0024254182,6.5102024e-05,5.0219493e-05,1.2963471
0.26393992,0.0016978289,0.00032566246,2.9195031e-05,11.154684
0.24522054,0.00048415933,4.066279e-06,1.0214746e-05,0.3980754
0.13525249,0.0002758501,4.075012e-06,5.7824486e-06,0.70470864
0.115543604,0.0003428055,1.1965597e-05,7.0391466e-06,1.6998405
0.102069944,0.0006717441,5.643464e-05,1.3091691e-05,4.3106894
0.0951466,0.0003577687,2.0335461e-05,7.1794307e-06,2.832422
0.0055287424,4.443007e-05,3.3578493e-07,9.381763e-07,0.35787427
0.00628466,2.1927506e-05,7.9131024e-07,4.497063e-07,1.7592245
0.23358399,0.0046034064,0.0004769406,8.779715e-05,5.4322953
0.32768038,0.00317631,0.00013210221,6.477038e-05,2.0395436
0.54308015,0.0025858176,4.312743e-05,5.409979e-05,0.79718155
0.60537595,0.006039495,0.00052032137,0.00011742923,4.430932
0.52109784,0.003954135,0.000833969,6.638651e-05,12.562307
0.4071569,0.0025920165,0.00013826697,5.2207437e-05,2.6484103
0.44254482,0.0006199487,2.8731904e-06,1.3129266e-05,0.21883695
0.45966646,0.0030469613,0.0003011272,5.8422003e-05,5.154337
0.25669286,0.002317321,4.693661e-05,4.8306054e-05,0.9716487
0.14623575,0.0038085724,0.00023690014,7.5993026e-05,3.117389
0.18877025,0.00351726,0.0001652192,7.132002e-05,2.316586
0.16986029,0.0023108278,0.0002145539,4.4601573e-05,4.8104453
0.15921398,0.0025415148,0.00030226778,4.7643556e-05,6.344345
0.24188036,0.0018328452,3.44303e-05,3.8264145e-05,0.8998035
0.2874847,0.0039184596,0.0002990115,7.7009536e-05,3.8827803
0.31672508,0.0019585441,1.39523045e-05,4.1374296e-05,0.33722076
0.18269603,0.002882666,0.00013981367,5.835856e-05,2.3957655
0.16489321,0.0044718664,0.0003003572,8.8755514e-05,3.3840923
0.037368443,0.0046557584,9.348963e-05,9.7069555e-05,0.96311903
0.2470373,0.0049652094,0.00037886493,9.75818e-05,3.8825328
0.25476283,0.002412819,0.000111341964,4.89676e-05,2.273784
0.21783508,0.002040436,0.00011258295,4.101815e-05,2.744704
0.1160547,0.0018047476,4.7775462e-05,3.7382386e-05,1.2780173
0.0853638,0.0012568466,5.5759694e-05,2.555504e-05,2.1819365
0.075211175,0.0012963667,8.363685e-05,2.5802763e-05,3.2413785
0.080575675,0.0016876336,7.200001e-05,3.437518e-05,2.0945287
0.12642466,0.0016787589,4.9229482e-05,3.4670837e-05,1.4199064
0.1620427,0.0017905282,4.956411e-05,3.704179e-05,1.3380557
0.15621084,0.002127061,8.939867e-05,4.3354517e-05,2.0620337
0.12476857,0.002404728,0.00010786723,4.886938e-05,2.2072515
0.15079372,0.0022445587,8.320021e-05,4.598635e-05,1.8092332
0.13404278,0.0030884836,0.000114286995,6.328078e-05,1.8060273
0.07822883,0.0028247032,9.574492e-05,5.8062946e-05,1.6489822
0.004537479,0.0026231152,6.829644e-05,5.4357846e-05,1.2564205
0.1676016,0.002424764,0.00012406133,4.8951122e-05,2.5343869
0.15481281,0.0023779732,5.9504782e-05,4.9329115e-05,1.2062788
0.13046321,0.0018327527,9.466811e-05,3.6980524e-05,2.5599382
0.14547023,0.003054421,0.00026998064,5.924341e-05,4.557134
0.17957243,0.004830555,0.0011043663,7.928061e-05,13.929823
0.1899715,0.005653017,0.001101277,9.684554e-05,11.371466
0.14477752,0.0016282066,4.7587495e-05,3.3630193e-05,1.4150188
0.11073633,0.0013936386,5.4305237e-05,2.8496455e-05,1.9056772
0.10290155,0.0019215957,0.000107667256,3.8594222e-05,2.7897177
0.108504996,0.0029843082,7.876821e-05,6.182e-05,1.274152
0.12935294,0.0031337172,0.00010493173,6.444225e-05,1.6283039
0.19209573,0.034270972,0.01694913,0.00036854984,45.988697
0.16930808,0.00945742,0.0032468035,0.00013214076,24.570776
0.14703451,0.0035428628,0.0007812862,5.875695e-05,13.296894
0.14157507,0.005608337,0.0020579305,7.554056e-05,27.242683
0.13726482,0.0062155193,0.00045647955,0.00012253276,3.7253644
0.13227423,0.009289761,0.0012633514,0.00017077469,7.3977633
0.114392914,0.012478087,0.0038827553,0.00018287939,21.231222
0.11093796,0.0023625824,0.00016301063,4.67994e-05,3.4831705
0.10125808,0.0018415421,0.00016444542,3.5682908e-05,4.608508
0.09416332,0.006746133,0.002416772,9.211407e-05,26.236702
0.072069466,0.0057017524,0.00052260247,0.000110194684,4.7425337
0.06457174,0.014237175,0.0030468,0.0002380931,12.796669
0.05307952,0.0050100344,0.0017571689,6.9209906e-05,25.388943
0.04675677,0.007316383,0.0021228692,0.000110500296,19.211418
0.034903117,0.0064144502,0.00042266783,0.00012748473,3.3154361
0.03107815,0.008219753,3.162152e-05,0.00017421557,0.18150789
0.23731443,0.0048065297,0.00030260297,9.5828225e-05,3.157761
0.25211352,0.002686728,0.00013105237,5.4376076e-05,2.4101064
0.20672679,0.0034564948,0.00032865492,6.654979e-05,4.938474
0.25845668,0.002502689,5.9736532e-05,5.1977713e-05,1.1492698
0.37391096,0.0023170847,3.3209482e-05,4.8593087e-05,0.6834185
0.3811963,0.0032337497,0.00011165428,6.6427565e-05,1.68084
0.251103,0.0033624112,0.00031862332,6.476144e-05,4.919946
0.17926463,0.0034195948,0.00038328528,6.460233e-05,5.9329853
0.16586308,0.004502731,0.00036545316,8.8027184e-05,4.1515894
0.1193153,0.000596,3.098012e-05,1.20217e-05,2.5769951
0.09478036,0.0014584209,0.0001252122,2.8366141e-05,4.4141273
0.052616086,0.0008458992,4.145479e-05,1.7115839e-05,2.4219992
0.121861495,0.0021954286,0.00044275154,3.7291e-05,11.872848
0.17673893,0.005722246,0.0007834114,0.00010508159,7.4552603
0.22490427,0.008360412,0.00015591901,0.00017456367,0.8931923
0.23445235,0.0044100746,3.417449e-05,9.310426e-05,0.3670557
0.14728075,0.0018102739,9.9261735e-05,3.640451e-05,2.7266254
0.15764034,0.0016634094,6.5695844e-05,3.3993907e-05,1.9325714
0.11321438,0.0015658836,5.694665e-05,3.2105043e-05,1.7737548
0.14601852,0.0016123926,4.057704e-05,3.3442884e-05,1.21332
0.21053627,0.0024619582,0.00021622637,4.778153e-05,4.5253034
0.2168459,0.0023874806,0.0003529638,4.328759e-05,8.153908
0.18250646,0.0017648384,0.0001210617,3.497397e-05,3.4614701
0.08289025,0.0038374234,0.00059488934,6.8990084e-05,8.622811
0.16640948,0.0053834547,0.00066163746,0.000100464196,6.585797
0.18596204,0.0052819606,0.00023118111,0.00010746339,2.1512525
0.16371037,0.0034965917,0.00018670018,7.042322e-05,2.651113
0.04600167,0.0028970563,4.81346e-05,6.061535e-05,0.79409784
0.13303894,0.0015941305,5.146652e-05,3.2822638e-05,1.5680143
0.12040462,0.001660773,4.1445226e-05,3.445378e-05,1.202919
0.0976897,0.0007548464,1.8377268e-05,1.5669555e-05,1.1727934
0.10204564,0.0017750327,0.00021226391,3.3250402e-05,6.383781
0.23506454,0.0018239964,0.00014116877,3.5804846e-05,3.9427173
0.26139742,0.00249252,7.620637e-05,5.1410927e-05,1.4822963
0.22428972,0.0025266514,0.0002508883,4.842049e-05,5.1814384
0.12324941,0.0015185344,0.00010655885,3.004203e-05,3.5469804
0.4407297,0.0031024646,0.00047081156,5.599262e-05,8.4084425
0.2236473,0.0010114876,0.00016749698,1.7957247e-05,9.327491
0.14147402,0.0014117801,7.3484705e-05,2.8474371e-05,2.5807223
0.17795451,0.0016493003,7.7841956e-05,3.3435284e-05,2.3281312
0.25221202,0.001992469,9.6752236e-05,4.03344e-05,2.3987465
0.22691852,0.0025140145,0.00023213123,4.8550708e-05,4.7812023
0.14829795,0.0021775365,0.00016600764,4.279849e-05,3.8788111
0.44159442,0.020429354,0.012907979,0.00016002926,80.660065
0.3645178,0.0064833406,0.00026952813,0.00013220878,2.0386539
0.367351,0.00807777,0.0007415882,0.00015608897,4.7510576
0.32736325,0.0054881107,0.002091795,7.226204e-05,28.947315
0.27978107,0.012847975,0.001564773,0.00024006813,6.5180345
0.27814826,0.011372426,0.0058221105,0.00011809181,49.301517
0.35949716,0.0073418533,0.0010989172,0.00013282843,8.273202
0.43292522,0.020742735,0.004262194,0.00035064982,12.155127
0.48299474,0.013650761,0.003491526,0.00021615395,16.152952
0.36409408,0.0051090005,0.003506737,3.409071e-05,102.86459
0.385318,0.0028787113,9.754243e-05,5.9173803e-05,1.6484028
0.36969438,0.0040583666,0.00030357242,7.9889236e-05,3.7999115
0.35426995,0.013963499,0.010454931,7.465038e-05,140.05176
0.36818507,0.003857146,0.000692054,6.7342386e-05,10.276632
0.2617596,0.00664245,0.0002884614,0.00013519125,2.1337266
0.15504344,0.004627341,0.00019014707,9.440838e-05,2.0140889
0.1726511,0.0065349094,0.00021942207,0.00013437208,1.6329427
0.15885432,0.0020176452,0.00011389323,4.050536e-05,2.8117993
0.100287154,0.0017347343,3.9427316e-05,3.607036e-05,1.093064
0.082476124,0.001245433,4.641977e-05,2.5510919e-05,1.8195969
0.08779242,0.0010349544,6.0623464e-05,2.0730447e-05,2.9243543
0.09162854,0.0010475267,4.181277e-05,2.139817e-05,1.9540259
0.098303005,0.0011082981,3.8031532e-05,2.277163e-05,1.6701205
0.0919524,0.0012588695,0.00012847314,2.4050987e-05,5.341677
0.06636322,0.0017719734,7.420002e-05,3.612284e-05,2.054097
0.16569656,0.0025004684,0.00016677512,4.965305e-05,3.3588026
0.19849025,0.003513054,0.00018604157,7.07875e-05,2.628166
0.219864,0.0061598676,0.00017791885,0.0001272755,1.3979021
0.17201386,0.008954863,0.00038036655,0.00018243611,2.084929
0.47643432,0.017371919,0.010234862,0.00015185229,67.40007
0.4038122,0.0078055486,0.000311363,0.00015945076,1.9527206
0.310917,0.00547378,0.0002566599,0.000111002555,2.312196
0.23193513,0.006171141,0.0010416129,0.00010913889,9.543912
0.18960592,0.010913481,0.003086123,0.00016653954,18.53086
0.22259031,0.008354036,0.0010096923,0.00015626263,6.4615045
0.4289005,0.017795539,0.004997366,0.00027230155,18.352318
0.4582561,0.014118715,0.003045838,0.00023559312,12.928377
0.4100822,0.0025643369,5.841854e-05,5.331741e-05,1.0956727
0.3028212,0.005184265,0.00029835245,0.00010395559,2.8699963
0.22644176,0.0057405015,0.002437956,7.026693e-05,34.695587
0.21459739,0.007635086,0.0042254333,7.25458e-05,58.24496
0.1732128,0.0031803995,0.00039337596,5.9298374e-05,6.6338296
0.13710402,0.0047748312,0.0007670602,8.527173e-05,8.99547
0.10338081,0.0017914155,0.00028894062,3.196755e-05,9.038532
0.11645158,0.002864486,1.5772592e-05,6.0610924e-05,0.26022646
