episode_idx,timestep,var_along_expert,var_ortho_expert,ratio_along_ortho,expert_action_norm
1390,0,0.00010216513,3.852778451239809e-05,2.6517261394045173,0.12864678
1390,3,0.00013130093,2.7904534672803068e-05,4.705361639711367,0.12387036
1390,6,0.00016770844,3.725818873561443e-05,4.501250387744186,0.13302657
1390,9,4.688754e-05,3.039800472795329e-05,1.5424545439748876,0.14434604
1390,12,9.04505e-05,3.921367138861976e-05,2.306606251162626,0.12191711
1390,15,0.00016659794,4.563054585076393e-05,3.651017823255319,0.12503965
1390,18,6.475383e-05,4.958424796449377e-05,1.3059355614178008,0.13378626
2668,0,7.243537e-05,2.429549374241144e-05,2.9814321748093153,0.26318365
2668,3,0.00010441941,3.284488140823359e-05,3.17916833234505,0.23199968
2668,6,7.117355e-05,1.0836614355286385e-05,6.567876830871905,0.14816138
2668,9,8.101599e-06,2.2934353415002214e-05,0.3532516734543184,0.17423138
2668,12,7.0832866e-05,3.0935107869036655e-05,2.2897242345389697,0.21332876
2668,15,6.957027e-05,4.312242975735918e-05,1.6133197886222646,0.23135792
2668,18,4.2013817e-05,1.514027702641931e-05,2.774970143332454,0.1499761
2668,21,1.1160563e-05,9.122351060641256e-06,1.2234305735297661,0.08512221
2668,24,0.00024705377,2.3028828164047384e-05,10.728021901490724,0.053365868
2668,27,0.0004953972,2.988709751120273e-05,16.575620786482865,0.12264848
2668,30,0.00040793233,4.405111688724224e-05,9.260430949839698,0.18395896
2668,33,6.315541e-05,7.054277081438835e-05,0.8952782255283845,0.2250924
2907,0,0.00031560997,8.536993149430194e-05,3.696968764126183,0.15501334
2907,3,0.00048829714,5.596060246387695e-05,8.725730588884018,0.13525252
2907,6,9.2922004e-05,3.0962497669648614e-05,3.0011146098674972,0.09514945
2907,9,0.00027298304,4.682145477767954e-05,5.8302982286169,0.13703689
2907,12,3.705128e-05,4.9865116028392567e-05,0.7430300353071669,0.39976045
2907,15,0.00038934106,6.19266251538028e-05,6.287135142103382,0.42588696
2907,18,8.186194e-05,4.995188259697975e-05,1.6388158584702077,0.3962698
2907,21,0.00021358363,5.694088882746849e-05,3.750971053223406,0.2921546
2907,24,0.0002982941,6.514673240165761e-05,4.578803605803322,0.31104556
2907,27,0.00029344708,9.486339788170571e-05,3.0933646659064014,0.23393351
2907,30,0.00020089513,5.274595435153931e-05,3.808730534480409,0.16255173
2907,33,6.0686423e-05,0.00010969899000322566,0.5532085868588812,0.013722211
3298,0,0.009431824,0.00012313824226247504,76.59540947476118,0.43175483
3298,3,0.0011142136,0.0002428477312973205,4.588116184534301,0.3244292
3298,6,0.000598739,0.00012094872270492797,4.950354202525582,0.29181015
3298,9,0.0021545594,5.9494540650159756e-05,36.21440453417358,0.22086388
3298,12,0.0050778934,0.00022405489011013762,22.66361326717563,0.15235041
3298,15,0.0013330651,0.00024286849780919703,5.488834946386709,0.23405562
3298,18,0.00020273066,0.00011312489972469654,1.7920958368453652,0.36879966
3298,21,0.0010824209,0.0001709141193869266,6.333127626204172,0.419976
3298,24,0.00061928,2.8340230160888205e-05,21.85162131303055,0.3387822
3298,27,0.00039724933,4.110991598126736e-05,9.663102421616202,0.28491044
3298,30,0.0005184976,3.82587462267343e-05,13.552394017487668,0.21648137
3298,33,0.0026510404,1.3030193587566944e-05,203.4536497460385,0.18230234
3298,36,0.0014871155,2.7297785446206305e-05,54.47751493963579,0.16518553
3298,39,0.00035711864,6.669258421405833e-05,5.3546978744237075,0.13703273
3298,42,0.0006213827,5.9748979959082093e-05,10.39988751888711,0.10181389
3298,45,1.6434786e-05,4.5406528094664534e-05,0.36194764079984776,0.094402045
4060,0,4.3299562e-05,2.8718089526321027e-05,1.5077452159325997,0.12738411
4060,3,4.6501835e-05,1.5512547217943566e-05,2.9976917444948636,0.09227316
4060,6,4.5619112e-05,1.2166567761054698e-05,3.7495465287763303,0.08001261
4060,9,1.2407703e-05,1.0002345005248456e-05,1.2404794321613801,0.07523328
4060,12,1.3597902e-05,7.508313308093459e-06,1.8110461181446986,0.07317452
4060,15,3.7302576e-05,9.382399358846088e-06,3.9758034720703783,0.07871715
4060,18,1.6965456e-05,7.521214354981451e-06,2.2556804087281916,0.078681484
4060,21,4.262973e-05,1.1451554762080628e-05,3.7226150549683013,0.071471855
4060,24,1.864952e-05,3.396814807932428e-05,0.5490296342436437,0.17122447
4060,27,0.0002110487,6.296711062338758e-05,3.3517290942263953,0.19304852
4060,30,9.7306336e-05,2.6117797267246753e-05,3.7256716217656707,0.2253826
4060,33,7.043151e-05,1.8963984094877193e-05,3.713961658031697,0.2051006
4060,36,0.00015251589,1.2039720883315548e-05,12.667726206161815,0.18567756
4060,39,1.5385604e-05,1.4076691784677987e-05,1.09298433055796,0.0064255884
4060,42,1.312746e-05,1.1984954905161199e-05,1.0953282830729196,0.0063828593
4165,0,0.000110545065,2.5937108303162644e-05,4.262042760503763,0.0825965
4165,3,0.000113631955,1.8303992196996795e-05,6.2080421555236605,0.08591402
4165,6,0.00013395879,5.468049463122449e-05,2.4498459933027683,0.13623017
4165,9,0.00019184078,3.640114656708976e-05,5.270185085549433,0.15229008
4165,12,0.0005124306,4.1932556183731304e-05,12.220352528414933,0.15008144
4165,15,7.992524e-05,3.6066499578350405e-05,2.2160519720222838,0.08812748
4165,18,8.2102386e-05,2.2718871131222298e-05,3.613840910379385,0.06530455
4165,21,0.00012613689,2.3763554983158062e-05,5.30799743370509,0.062812336
4165,24,0.00011403318,2.8202330019879848e-05,4.043395722964261,0.085322514
4165,27,0.00010860517,4.5342717636772924e-05,2.39520647065488,0.07818325
4165,30,0.0002370941,9.464918378185719e-05,2.5049776808192017,0.19031805
4165,33,0.0004100948,9.076386452355283e-05,4.518260666410944,0.25261778
4165,36,0.0002364187,7.467417224766091e-05,3.1660035554959682,0.22379881
4165,39,5.052994e-05,2.4825837364063617e-05,2.035377044114858,0.13643283
4165,42,8.154575e-05,1.6111307133464737e-05,5.061398970969404,0.072195105
4165,45,0.00012632248,1.6784622393389967e-05,7.526084354622304,0.10954914
4165,48,0.00021854075,2.8007718278689586e-05,7.802875908580788,0.13300157
4165,51,0.00013266015,3.454461198379385e-05,3.8402558618271563,0.15603653
4165,54,0.00014753039,4.629892336719848e-05,3.186475544349646,0.12741494
4165,57,5.2150237e-05,2.7446725227414293e-05,1.9000531609021656,0.1305152
4165,60,7.191477e-05,3.1900968640408615e-05,2.254313114747098,0.10923964
4165,63,3.7485497e-05,2.1916442610164907e-05,1.710382374841466,0.15488243
4165,66,9.678471e-05,2.3012515157461166e-05,4.205742287885227,0.16767775
4165,69,2.0526022e-05,2.137451937937356e-05,0.9603033294980259,0.1483578
4165,72,0.00015157237,2.4014278909468906e-05,6.311760233995939,0.04319946
4165,75,2.10032e-05,2.1195058968472987e-05,0.9909479122891672,0.0046332907
4740,0,0.019797904,0.00016517742992715632,119.85841180389889,0.45546833
4740,3,0.0010672914,0.0001656049168965918,6.444804798935266,0.32998386
4740,6,8.374178e-05,7.879427396395104e-05,1.0627902087366876,0.28233132
4740,9,0.00091384776,0.00013477382983299012,6.780602456921863,0.2680159
4740,12,0.0048047774,0.0002307185229468853,20.825278290466454,0.40959585
4740,15,0.002892842,0.00017606593826983839,16.43044690568263,0.45065036
4740,18,6.9943803e-06,1.823234971256015e-05,0.383624735073664,0.37865135
4740,21,2.0006002e-05,4.081027780441528e-05,0.49021970043107005,0.30354866
4740,24,0.0010870396,7.907626159647678e-05,13.746724626702603,0.20766903
4740,27,0.0015106347,3.717251448951503e-05,40.63848490875756,0.17133874
4740,30,0.0006067508,8.968447156726046e-05,6.7653939169746735,0.14955793
4740,33,0.00034512635,0.00010191918687617526,3.3862745373232697,0.10973866
4740,36,0.0010018037,2.332259108252982e-05,42.95421835993746,0.0736657
4740,39,0.00088734145,2.6653860101198895e-05,33.291292320768164,0.06722078
4740,42,0.00049338315,3.230597259120104e-05,15.272196188683848,0.045273382
4740,45,0.0001529106,3.1001137648808195e-05,4.93241879150789,0.022338584
5159,0,7.0666865e-05,3.653431578757281e-05,1.9342599878900768,0.24944617
5159,3,0.00021175943,4.5651089439683775e-05,4.638650015729298,0.12682854
5159,6,0.00018858236,4.148285618012256e-05,4.54603120175097,0.19526808
5159,9,0.00018523523,6.643135813956565e-05,2.788370342602392,0.22144836
5159,12,0.0004303241,6.7315113909067e-05,6.392681535629271,0.21817267
5159,15,0.00025880328,5.568767045723631e-05,4.647407194057346,0.07846684
5159,18,0.000119498654,5.1799562185051594e-05,2.3069433281731957,0.011894093
5228,0,0.0057524247,0.00018630697926942338,30.87605591618847,0.42749593
5228,3,0.003026797,0.00011588636032761411,26.11866454308859,0.31143308
5228,6,0.0009953302,0.00032451257426688014,3.0671543792294567,0.39009276
5228,9,0.0011815164,0.00018058507207860337,6.542713821828165,0.37047595
5228,12,0.00010242426,3.332078229001862e-05,3.0738851911656253,0.32765916
5228,15,7.185808e-05,3.875904974151165e-05,1.8539690265037123,0.263488
5228,18,0.0006807151,6.127092947668217e-05,11.10991924395486,0.1976916
5228,21,0.0024105487,2.1125150329255044e-05,114.10800404090051,0.17377901
5228,24,0.00011707788,5.105185381909634e-05,2.2933129562367838,0.16912726
5228,27,0.00055376894,6.864386353086918e-05,8.067275275303881,0.13724186
5228,30,0.0027115277,4.545698794437216e-05,59.65040515556437,0.11701047
5228,33,0.00066906936,3.24272104796577e-05,20.632960574065873,0.11066066
5228,36,0.00043078288,2.74751627659227e-05,15.678992776446494,0.10052287
5228,39,0.00061761297,2.6808179756428334e-05,23.038228399332393,0.08844304
5228,42,0.0011724003,4.399971580727303e-05,26.645633749852934,0.08953133
5228,45,0.0006974225,0.00016516402482669404,4.222605269758039,0.087707385
6921,0,0.00014478328,7.716828382554207e-05,1.8762018449160218,0.20772962
6921,3,0.0003846144,8.46816048501654e-05,4.541888360806129,0.20887686
6921,6,0.00023765543,6.328874881914322e-05,3.7550976665753995,0.15166363
6921,9,8.731995e-05,2.6483190285557128e-05,3.297184076667954,0.15391645
6921,12,7.071621e-05,4.7165335730669346e-05,1.4993259278635616,0.18598966
6921,15,0.00024634853,7.310820287687981e-05,3.3696427924074435,0.2109618
6921,18,0.0001872113,3.926259554684796e-05,4.768184669814282,0.15587302
6921,21,0.00018580939,4.94644590752556e-05,3.7564221401819333,0.10098283
6921,24,0.00019999752,6.215452176934861e-05,3.2177469221654382,0.061407633
8690,0,0.018155305,0.0002129050169853454,85.27419866431333,0.48653728
8690,3,1.1199406e-05,5.131032060276955e-05,0.21826809418101778,0.46162036
8690,6,6.245239e-05,0.0001206455871145776,0.5176516654741148,0.37239522
8690,9,0.0068989387,0.00021014213958319198,32.82986787842155,0.31504765
8690,12,0.0027102989,0.00019635357200465303,13.803155400870287,0.43140656
8690,15,6.739073e-05,0.00010538051657854243,0.639498924866574,0.5244833
8690,18,0.001920974,0.0001377417765399243,13.946197346581007,0.54053813
8690,21,0.0036452166,0.0001156699169981987,31.513955184536904,0.43197554
8690,24,0.00015095534,4.743242715584471e-05,3.182534595233316,0.40108314
8690,27,6.9852525e-05,3.180957270508751e-05,2.195959252026552,0.33736825
8690,30,0.0025264432,7.49173167934443e-05,33.72308735746693,0.3256891
8690,33,0.00034481814,0.00012680701911449432,2.719235419512625,0.31707734
8690,36,0.00025898736,0.00010133672386724899,2.5557108237500037,0.26505235
8690,39,0.001926983,7.36225307225547e-05,26.173821916323295,0.25401995
8690,42,0.009845883,0.00018626193892448507,52.8604110482379,0.20560065
8690,45,0.0019277957,0.00039396510320775053,4.893315899876218,0.12538779
10026,0,0.00022134354,9.059028184794365e-05,2.4433474748108863,0.5908695
10026,3,7.0870155e-05,3.606646737836777e-05,1.9649874418000297,0.5097025
10026,6,1.5490075e-05,1.8484632861106955e-05,0.8379974598652988,0.20039423
10026,9,0.00017443918,1.1720086517248382e-05,14.88377899279426,0.07773297
10026,12,4.7363934e-05,1.0670447583369752e-05,4.438795418386067,0.13515083
10026,15,0.00011644528,5.9484092994256225e-05,1.9575868283925308,0.21165678
10026,18,4.086238e-05,2.15454170718155e-05,1.8965693767521052,0.21640173
10026,21,3.0031943e-05,1.412985395600504e-05,2.125424835144079,0.20295517
10026,24,3.6396676e-05,8.084494224254121e-06,4.5020349522109555,0.15029809
10026,27,4.523803e-05,8.753252567406348e-06,5.168139460068995,0.16252974
10026,30,0.0004132725,5.88877740851108e-05,7.017967772721958,0.38192007
10026,33,7.401155e-05,5.4381896761503624e-05,1.3609593371318156,0.48887908
10026,36,0.00021728003,0.0001099874919399302,1.9754976375136157,0.4642813
10026,39,0.00084197015,0.00014032353151668893,6.000206372589272,0.22535138
10815,0,0.00013113026,4.3042796723386076e-05,3.0465088735825376,0.18308343
10815,3,3.4544177e-05,1.5342116425249805e-05,2.2515913570665798,0.16619633
10815,6,2.0189282e-05,7.6250382451380185e-06,2.647761370374037,0.07527038
10815,9,2.484814e-05,8.47033546999731e-06,2.93354841813725,0.067990206
10815,12,9.58431e-05,8.91729475969964e-06,10.748001490631506,0.13920191
10815,15,0.0002683153,3.830687529308365e-05,7.004364419243146,0.22885844
10815,18,3.2437758e-05,1.5959931299724476e-05,2.0324497204837657,0.25016236
10815,21,7.923995e-06,6.679882681829498e-06,1.1862476788879688,0.20494951
10815,24,1.0650532e-05,5.4311401091833065e-06,1.9610122349298067,0.107447155
10815,27,3.99816e-05,1.5139538903740492e-05,2.6408731458003243,0.1392698
10815,30,4.6853496e-05,2.5638319710467723e-05,1.8274792125162307,0.14604817
10815,33,7.901874e-05,2.411264242564744e-05,3.2770668229733304,0.14143702
10815,36,4.2026008e-05,1.408679514845952e-05,2.9833618743063943,0.017828494
10951,0,0.0062360307,0.0002040124518123079,30.566912287841532,0.47649455
10951,3,0.0017526716,0.0001827073184416649,9.592782422569403,0.39421633
10951,6,0.0006775973,0.0001431346296312961,4.73398578172119,0.28770006
10951,9,0.009338706,0.0003131120961080206,29.82543924860676,0.21229495
10951,12,0.0027117885,9.62336408965131e-05,28.17921563697747,0.17571391
10951,15,0.0040445435,0.00019232072728745482,21.030200660812195,0.17309734
10951,18,0.00078522635,0.00025040870334239716,3.1357789929043802,0.3800596
10951,21,0.00029772692,0.00022046355173942892,1.3504586832156438,0.46162817
10951,24,5.1290215e-05,3.0278629484645863e-05,1.693941108622352,0.4762279
10951,27,0.001177354,4.582000064088943e-05,25.69519862079464,0.31643853
10951,30,0.0010212928,3.568054810958974e-05,28.62323627901539,0.28344736
10951,33,5.7259917e-05,5.534150578240131e-05,1.0346649534195629,0.23417592
10951,36,0.00085017574,5.670240089455818e-05,14.993646243979303,0.17550322
10951,39,0.0015047948,4.7963885392280334e-05,31.373496925684734,0.17021033
10951,42,0.0008261678,7.830396730532037e-05,10.55077851431449,0.14423092
10951,45,0.00012531056,8.359284912969204e-05,1.4990583484677507,0.10945152
11212,0,0.00047064203,7.2896822375503e-05,6.456276339677225,0.18746829
11212,3,0.00031746912,7.568853610056512e-05,4.194414889961548,0.1658688
11212,6,0.0001078057,4.9146496631363604e-05,2.193558247265717,0.07729427
11212,9,6.8630696e-05,3.369673442571087e-05,2.0367165222427444,0.062746026
11212,12,4.656753e-05,2.1571598134617855e-05,2.1587426699686016,0.04893386
11212,15,9.677845e-05,2.7169049915639646e-05,3.562084472047594,0.05970876
11212,18,0.00017404015,4.8515302664104925e-05,3.587324820719772,0.16129805
11212,21,0.00045080014,9.115398960544708e-05,4.945479027654443,0.21600388
11212,24,0.00053195923,7.138557811366751e-05,7.451914589310027,0.20863661
11212,27,0.00014629091,5.866505918984718e-05,2.4936634366018446,0.14399669
11212,30,0.000118427975,5.450526727957928e-05,2.1727803807810537,0.097398855
11212,33,5.020256e-05,4.622912866638062e-05,1.0859508462546823,0.104130946
12082,0,0.0008962683,0.0001227759379655757,7.3000321255959895,0.36605108
12082,3,0.00011141904,7.077794957985269e-05,1.574205509060309,0.32952717
12082,6,0.0008591219,0.00015863932748424247,5.415567010135437,0.29657885
12082,9,0.0016946899,0.00010661363720576813,15.89561990814909,0.34223688
12082,12,0.0019049945,0.00020025777531431076,9.512711699630978,0.3106646
12082,15,0.00033721188,9.453852482615634e-05,3.566925562388433,0.34049264
12082,18,0.0004267034,7.388525285777893e-05,5.775217355550381,0.2980593
12082,21,7.707711e-05,2.730427002732424e-05,2.822895740669294,0.27004585
12082,24,0.0014153287,0.00011293690136455475,12.5320306086973,0.27373314
12082,27,0.0011045941,0.00011428709122094703,9.665081857314233,0.2461181
12082,30,0.004657718,3.3987398715095315e-05,137.04249408306362,0.22564833
12082,33,0.0009974943,7.110510140340379e-05,14.028449498318253,0.2541663
12082,36,0.0009774758,5.869519837359165e-05,16.653419790459754,0.24236274
12082,39,0.0024072293,5.751909153100024e-05,41.85096128215625,0.21179405
12082,42,0.0004867956,5.239179417332436e-05,9.291447152129225,0.22696047
12082,45,0.0002127702,6.947786289643734e-05,3.062417206130292,0.21318428
12725,0,7.864719e-06,4.467774836465399e-05,0.1760321255490611,0.3904451
12725,3,1.0600713e-05,1.1317313034483727e-05,0.9366810637955494,0.38729295
12725,6,3.1090898e-05,1.5691206344660928e-05,1.9814217872244704,0.18757468
12725,9,4.5480883e-05,1.0424138770062238e-05,4.363035093455385,0.13351108
12725,12,2.9721132e-05,1.3429197195441799e-05,2.2131726389240995,0.070958875
12725,15,0.0002625317,1.3487299587181273e-05,19.465105829259095,0.14126655
12725,18,0.00021604226,6.716748441945999e-05,3.2164709009613857,0.22674567
12725,21,0.00013012848,4.678183889135401e-05,2.7816024828708374,0.25061196
12725,24,5.4086454e-06,6.907493832144649e-06,0.7830112518842506,0.20987274
12725,27,2.3896286e-05,5.998584922363467e-06,3.9836538150857614,0.09456592
12725,30,1.4158533e-05,6.094349528405261e-06,2.3232230507959306,0.06458982
12725,33,2.433607e-05,1.096203576456359e-05,2.2200319883841293,0.07589048
12725,36,5.714862e-05,1.7449381127160913e-05,3.275108692990631,0.12895419
12725,39,6.781686e-05,2.3721811421057012e-05,2.8588397765970486,0.13445123
12725,42,5.0787356e-05,1.671215137863096e-05,3.0389477946636836,0.08867742
13700,0,0.0001189788,6.64457936394722e-05,1.7906145031699894,0.1273798
13700,3,4.8086604e-05,3.2257266402086046e-05,1.4907216000235581,0.13186678
13700,6,5.028336e-05,2.1320257454793503e-05,2.3584781287372665,0.105690226
13700,9,5.570173e-05,1.0404210696195035e-05,5.353767987613261,0.09440467
13700,12,2.6962078e-05,6.577675602339366e-06,4.099028195437936,0.1442183
13700,15,3.506469e-05,1.817073380733107e-05,1.9297344755452708,0.17783757
13700,18,4.448705e-05,1.4410760412190823e-05,3.0870716073205076,0.19802853
13700,21,1.8798783e-05,1.5622937427635524e-05,1.2032809217521543,0.17386895
13700,24,1.7010443e-05,1.1703181526366067e-05,1.453488786616068,0.11867144
13700,27,2.1391466e-05,2.1276772616708534e-05,1.0053905612085718,0.107124925
13700,30,3.2508404e-05,3.554542707477478e-05,0.9145593820306068,0.11081868
13700,33,8.422849e-05,3.286201427591608e-05,2.5630958832556483,0.099116184
13700,36,0.00042951186,8.778652532937679e-05,4.892685459908,0.010969169
16293,0,0.00010858592,5.285864438306778e-05,2.0542698316268564,0.518713
16293,3,7.418535e-05,4.0110490443383124e-05,1.8495249035349275,0.4050142
16293,6,0.0001509174,3.387036168591139e-05,4.455736402104462,0.16521852
16293,9,4.4889297e-05,2.792835770610799e-05,1.6073017060103252,0.25055498
16293,12,0.00012270793,3.7305649033093704e-05,3.2892587838562357,0.3218267
16293,15,0.00013049817,4.594836463319494e-05,2.8401047928820815,0.32672653
16293,18,7.8344834e-05,6.155180249442445e-05,1.2728276161241878,0.34955853
16293,21,0.0002282674,8.64027979526114e-05,2.641898194015584,0.3433572
16293,24,0.00011414428,6.716333805246556e-05,1.6995027419223026,0.29553863
16293,27,7.248506e-05,3.320558561368826e-05,2.1829177289717303,0.16009708
16293,30,0.00011752093,3.4526243132162604e-05,3.403814664699644,0.11014163
16751,0,0.00033782603,7.043917108564934e-05,4.79599666856435,0.23623316
16751,3,0.0002917224,8.740587199622013e-05,3.3375605487333635,0.26871005
16751,6,0.0004939147,7.40373507142067e-05,6.67115582977974,0.22237141
16751,9,0.00025167296,2.9722184061687042e-05,8.467512270778656,0.15358484
16751,12,6.3698004e-05,1.811194654673021e-05,3.516905473265146,0.0742032
16751,15,0.00030614206,2.8478665316992617e-05,10.749873778049757,0.10599307
16751,18,6.130673e-05,3.24018542317951e-05,1.8920747846520058,0.1820775
16751,21,8.01688e-05,5.9235722143599325e-05,1.3533860531206785,0.37027082
16751,24,0.00014209315,3.629664028499355e-05,3.9147742080265013,0.41268894
16751,27,0.0001827409,4.193478045945472e-05,4.357740701527447,0.3761102
16751,30,0.0001404816,2.1222775722754763e-05,6.61937916175218,0.15087853
16751,33,5.5541714e-05,1.5754282395256327e-05,3.5254994337645202,0.10171677
16751,36,0.00014633451,3.207468011594833e-05,4.562306159152246,0.08290024
16751,39,0.0004190052,5.742199124490961e-05,7.296946510439375,0.23008743
16751,42,0.00015151133,3.906776335962275e-05,3.878167377789534,0.34102476
16751,45,9.45715e-05,3.368807015346086e-05,2.807269744288949,0.4129389
16842,0,0.00041449626,6.125220394832023e-05,6.767042357355873,0.20788994
16842,3,0.00032157902,4.4351309894564304e-05,7.2507220418525415,0.26018494
16842,6,0.00021707773,3.279890230995543e-05,6.618444962165265,0.27518025
16842,9,6.5678705e-06,8.979321833937726e-06,0.731443937034818,0.23458257
16842,12,1.4885416e-05,1.0015559382736683e-05,1.4862291213836551,0.16524456
16842,15,2.8310711e-05,2.664052435454536e-05,1.0626934621198816,0.1689345
16842,18,1.0153745e-05,7.368790164114313e-06,1.377939261819159,0.13790515
16842,21,0.00014747755,1.2144975195777544e-05,12.143091826682017,0.14809696
16842,24,6.568819e-05,2.2159441017565575e-05,2.9643432476415277,0.12930265
16842,27,8.385791e-05,4.966855990363562e-06,16.883498800775065,0.118637435
16842,30,1.3175082e-05,4.801966381219632e-06,2.743684791835179,0.009020413
16861,0,0.00058911514,3.902427852153778e-05,15.096118622022814,0.30570236
16861,3,0.0019747815,8.464879059094063e-05,23.32911664422726,0.13332339
16861,6,0.00025207974,2.2408057083474828e-05,11.24951358147292,0.072417855
16861,9,0.000108923305,1.5160737638460828e-05,7.184564976249829,0.05971326
16861,12,5.212124e-05,1.8092896541620188e-05,2.880757018412876,0.10249818
16861,15,0.00013105928,1.7342804138489227e-05,7.556983107954189,0.10154287
16861,18,3.4219884e-05,3.1468916704204486e-05,1.087418546847743,0.10413347
16861,21,0.00065211864,3.7571816566459676e-05,17.356590758871825,0.22750887
16861,24,0.00022163306,4.1295382927389853e-05,5.367017947034493,0.27818874
16861,27,0.0015889923,7.909303531050682e-05,20.090167264249253,0.28363255
16861,30,0.002910794,0.0001520891971093543,19.1387294238033,0.12484498
16861,33,0.000108636836,3.9853272028267384e-05,2.7259201094243393,0.07886152
16861,36,4.82999e-05,3.602450089331003e-05,1.3407513576331946,0.07491368
16861,39,4.0359715e-05,2.904076802920788e-05,1.3897605950851804,0.083009526
16861,42,9.481464e-05,2.9084344513397266e-05,3.259988916621878,0.0825072
16861,45,1.4828457e-05,2.03732014732792e-05,0.7278412828897378,0.06450304
17113,0,0.00044162094,4.826682282889143e-05,9.149575534305187,0.20028256
17113,3,1.9879193e-05,1.8308233925478256e-05,1.0858061576789206,0.12254606
17113,6,5.0176295e-06,3.330969001523199e-06,1.5063573142512163,0.07323874
17113,9,1.7833272e-05,7.048844944368651e-06,2.5299566395191384,0.12469998
17113,12,7.167376e-05,1.647106020097086e-05,4.351496642272738,0.15369578
17113,15,0.0003943873,3.314647387633932e-05,11.89831800990635,0.16609533
17113,18,7.559139e-06,9.541786176727172e-06,0.7922142305451375,0.14890963
17113,21,0.00011307174,2.7339754408185787e-05,4.135799507510331,0.1616695
17113,24,5.4974415e-05,3.635436494616752e-05,1.5121819513565087,0.20499294
17113,27,3.844724e-05,1.915945656637245e-05,2.00669786117688,0.2339204
17723,0,0.00012226166,6.396021258006705e-05,1.9115267242160505,0.3055209
17723,3,7.5785974e-05,3.964189152689056e-05,1.9117648379683738,0.25736532
17723,6,0.0001244659,3.1823208159271704e-05,3.9111677983444126,0.14993426
17723,9,3.8464077e-05,2.894966684757395e-05,1.3286535310230532,0.22863677
17723,12,2.0777992e-05,2.4529528170031435e-05,0.8470604095017071,0.39609328
17723,15,3.7928246e-05,3.717888760915462e-05,1.0201554940307598,0.4629531
17723,18,2.5859128e-05,3.435494665532036e-05,0.7527046492625064,0.38815236
17723,21,7.385773e-05,2.9924342983422127e-05,2.4681487306004346,0.192781
17723,24,6.572338e-05,6.096483148792957e-05,1.0780540445178397,0.1971364
17723,27,6.130929e-05,4.674230722036768e-05,1.3116445496792772,0.29363218
17723,30,3.3013523e-05,5.017251192413746e-05,0.6580001949052711,0.28622475
17723,33,0.00013099912,8.728460190778083e-05,1.5008273789227116,0.20209119
17723,36,0.00017284026,9.21568456799426e-05,1.8755010052088092,0.08214337
21886,0,0.00022777151,2.3770653840867764e-05,9.582046492219897,0.2593153
21886,3,0.0017168864,8.089113683301083e-05,21.224654287641624,0.114671305
21886,6,0.00018351893,3.2020490022098766e-05,5.731296809971647,0.06364786
21886,9,0.00012500824,2.7043544291023244e-05,4.622479989159392,0.19297822
21886,12,0.0009236596,0.00015344787785347472,6.019370272072914,0.23272285
21886,15,0.0024474012,0.00020028189062438112,12.219782656250139,0.24672683
21886,18,0.0009367139,0.00012656917518123666,7.400805790535558,0.14027257
21886,21,3.9871626e-05,2.642431385577359e-05,1.508899184628682,0.054548718
21886,24,0.00011538016,2.7948658556697216e-05,4.128289611867674,0.057299715
21886,27,8.2161154e-05,2.9538968637427118e-05,2.78144964537443,0.07194889
21886,30,4.135816e-05,2.7166649778472616e-05,1.522387143017611,0.07426082
21886,33,3.994419e-05,1.5310383342365e-05,2.608960720539687,0.055526424
21886,36,4.2309362e-05,1.5582828633883533e-05,2.7151272380938,0.0546022
21886,39,7.086739e-05,1.650655820490198e-05,4.293286930260489,0.054863334
21886,42,4.3039687e-05,1.2882036513629112e-05,3.341062313431042,0.0564087
21886,45,2.9297213e-05,1.5318081615136024e-05,1.9125901932944307,0.05461149
24266,0,0.0001647039,4.5784620290741007e-05,3.5973630775952414,0.27139723
24266,3,0.00018381154,2.887213672015895e-05,6.366398996041594,0.24398491
24266,6,0.00011970818,4.835819647191687e-05,2.4754475739398445,0.13548183
24266,9,0.00019813096,6.434441286515682e-05,3.079225571966464,0.24140193
24266,12,0.0011323275,6.150290805925714e-05,18.41095839048778,0.29027316
24266,15,0.00013479184,6.988345387768238e-05,1.9288091342927114,0.298989
24266,18,4.6784375e-05,3.4720151427578416e-05,1.3474703534912889,0.19580458
24266,21,0.0002881365,4.801563819513676e-05,6.000888835021923,0.117175095
24266,24,0.00014570574,3.660556196453089e-05,3.980426173539114,0.013920922
25065,0,0.00020813962,4.821073045914478e-05,4.317288315282031,0.29826185
25065,3,3.846786e-05,3.35961094799828e-05,1.145009382703953,0.27095434
25065,6,0.0001880491,3.5012591669851164e-05,5.370899285955117,0.15668184
25065,9,5.6650373e-05,1.9566153493174848e-05,2.895324989306127,0.085509844
25065,12,7.381187e-05,3.9274068648352265e-05,1.8794046893544836,0.059540354
25065,15,0.0002959117,2.724598062799332e-05,10.860747348893666,0.14368407
25065,18,0.00031225805,8.814746236547511e-05,3.5424508487585977,0.25284466
25065,21,0.0012787922,0.00011991623273872315,10.664045471531733,0.29842812
25065,24,2.1900338e-05,1.617351502298992e-05,1.3540864624219533,0.22990254
25065,27,8.476206e-05,2.052982590418864e-05,4.128727720409748,0.26581335
25065,30,0.00022285315,4.24648763889328e-05,5.247940675495534,0.21924637
25065,33,1.7090038e-05,8.032807679054269e-06,2.127529892093449,0.172214
25065,36,1.1817312e-06,2.766529004030088e-06,0.4271530311168705,0.0051444597
25065,39,2.6813345e-06,6.252047317870397e-07,4.28873039407858,0.004883375
25065,42,4.127848e-06,1.0298182190881367e-06,4.008326943886843,0.003252678
25111,0,0.007731677,0.00034823229021214427,22.20264246114851,0.5129515
25111,3,0.0049244235,0.0001288556216403525,38.21659826931755,0.5001264
25111,6,0.004844511,0.00020683073299996397,23.422587434321027,0.35867608
25111,9,0.0004229232,0.00014654324053132788,2.8859960580055404,0.38280457
25111,12,0.0032456403,9.719508283949913e-05,33.39305053746824,0.4983745
25111,15,0.0007392313,5.391637913565687e-05,13.710699977682317,0.5032647
25111,18,2.2413064e-05,3.783182894929926e-05,0.5924393343917085,0.4364119
25111,21,0.00021057097,7.219558106140888e-05,2.9166739672285256,0.2965809
25111,24,0.0016396501,3.3200384078032156e-05,49.38647947621769,0.24442899
25111,27,0.0005595369,4.816820666669531e-05,11.61631195196002,0.2282731
25111,30,0.0001613274,6.016339868941206e-05,2.681487592582895,0.20286795
25111,33,0.002170895,8.764609377434913e-05,24.76887331748334,0.15783216
25111,36,0.0016894721,1.9870874313439462e-05,85.02253563051588,0.13481136
25111,39,0.0027205,8.191969344749096e-05,33.20935412754005,0.11264823
25111,42,0.005310522,0.00011353370079651792,46.774850898665896,0.076300815
25111,45,0.00039568258,7.55841685260864e-05,5.234992854746875,0.054541957
26085,0,0.00016629123,5.9340396856373926e-05,2.802327491527014,0.18636896
26085,3,8.068353e-05,2.851210128357436e-05,2.829799520515106,0.16591649
26085,6,0.0001620205,2.3196089735373537e-05,6.984819516222622,0.12449344
26085,9,0.00022818758,3.540594170385219e-05,6.4448950552568665,0.2830439
26085,12,3.0178147e-05,2.7184582691877448e-05,1.110119944396194,0.36480635
26085,15,0.000104759194,1.7396802270903865e-05,6.021749999911014,0.4067499
26085,18,2.5269388e-05,1.4915538486093283e-05,1.6941653219354764,0.3064303
26085,21,5.9273567e-05,4.645800614293585e-05,1.275852577351412,0.16890621
26085,24,4.2734075e-05,5.130214676102425e-05,0.8329880398051223,0.41471356
26085,27,0.00013127511,6.724407579353515e-05,1.9522182493644893,0.60185647
26085,30,0.00038396704,9.171808376274211e-05,4.1863831339493895,0.73456025
26537,0,5.8333317e-05,3.725838193551023e-05,1.565642780795803,0.12077706
26537,3,3.960657e-05,2.036922849080664e-05,1.9444315129214607,0.11291543
26537,6,2.5590187e-05,1.75045570358634e-05,1.461915705658972,0.07057446
26537,9,0.00013799802,1.4613932394917975e-05,9.442908333810731,0.0822384
26537,12,0.000107501604,4.05501514831756e-05,2.65107775013029,0.12455816
26537,15,6.522841e-05,5.0667896272337185e-05,1.2873715278758882,0.1678037
26537,18,5.4874276e-05,4.207434509187303e-05,1.3042217389279727,0.14776857
26537,21,2.7284892e-05,2.530748470428776e-05,1.0781352751452364,0.10783947
26537,24,7.575408e-05,3.511127718585603e-05,2.157542607535832,0.07945168
26537,27,9.9955694e-05,3.9332013755561186e-05,2.541331719984511,0.06378827
26537,30,0.00013038988,6.343131052686813e-05,2.05560746236625,0.043826908
27403,0,7.987726e-05,5.037129975538305e-05,1.5857692820701947,0.13261957
27403,3,4.5080636e-05,2.8137409901048276e-05,1.6021601363092581,0.16078669
27403,6,1.6243715e-05,1.9366872754502803e-05,0.8387371385022346,0.13241044
27403,9,6.1273764e-05,1.9424651907955077e-05,3.1544330521004484,0.09866974
27403,12,3.127021e-05,1.537507310747466e-05,2.033825155690908,0.15024367
27403,15,3.044172e-05,2.7327149353445845e-05,1.1139735219423956,0.20268369
27403,18,2.0016862e-05,2.062254451571944e-05,0.9706300554362054,0.21453346
27403,21,1.0973462e-05,1.2132756540829197e-05,0.9044491994118188,0.16880302
27403,24,1.7653476e-05,8.644489695298228e-06,2.0421651828614116,0.114033885
27403,27,5.2110365e-05,1.363115053267238e-05,3.8228882185794335,0.082317516
27403,30,1.9304074e-05,1.547641140666414e-05,1.2473223701931293,0.1195116
27403,33,0.000114202274,1.9471232898216297e-05,5.865179387044574,0.11698819
27403,36,4.5942277e-05,1.4119949984423657e-05,3.2537138772926517,0.06834934
28191,0,6.224176e-05,2.787458125818917e-05,2.2329217012616005,0.19889686
28191,3,1.3563684e-05,1.221630311115308e-05,1.1102936484024242,0.1708596
28191,6,5.0258666e-05,1.0612772460630599e-05,4.735677363523657,0.07585392
28191,9,7.06468e-05,6.92110142095926e-06,10.207450205512421,0.058378637
28191,12,6.999587e-06,4.849618949749051e-06,1.4433272506453592,0.028691657
28191,15,0.00017323994,8.393083377047739e-06,20.640798122775806,0.060517147
28191,18,0.0002207665,3.290690600554994e-05,6.708819562431071,0.079471365
28191,21,0.00059314136,4.987938309762072e-05,11.89151358276661,0.102335684
28191,24,3.444985e-05,1.560222045419381e-05,2.208009515621953,0.15908827
28191,27,2.2984403e-05,1.570272650767831e-05,1.463720498793026,0.16575357
28191,30,5.6476524e-06,8.15895049178854e-06,0.6922032951110477,0.14420658
28191,33,1.7552551e-05,6.146506688735904e-06,2.855695431592515,0.077932954
28191,36,0.00022373539,1.583025825427885e-05,14.133401202437481,0.16498232
28191,39,0.00010813287,3.838670400387429e-05,2.8169354272550344,0.36149138
28191,42,0.00019185484,7.297294808829084e-05,2.629122735356102,0.48981637
28191,45,0.00045441923,9.027995327685742e-05,5.033445607889806,0.5462589
28886,0,0.00023643629,5.259664055514843e-05,4.495273568991856,0.12163853
28886,3,9.944666e-05,4.7877861900215454e-05,2.0770906834664093,0.095602624
28886,6,3.6236932e-05,3.435795116139219e-05,1.0546883819964055,0.08299657
28886,9,4.2477765e-05,2.2104324554984874e-05,1.921694752704219,0.075858876
28886,12,0.00053480145,3.181702576260618e-05,16.808656373998765,0.122352846
28886,15,3.8695933e-05,2.257979445238697e-05,1.7137415854648346,0.2689908
28886,18,0.00019542828,4.166631186579136e-05,4.690318609850116,0.3005105
28886,21,2.5080652e-05,3.232097778310801e-05,0.7759867819567842,0.29679486
28886,24,0.00012923546,6.197599020410091e-05,2.0852503825129363,0.20254292
28886,27,0.00038478602,9.466904869422e-05,4.0645387910721285,0.2809761
28886,30,0.00059525185,0.00010035222673669774,5.931625777837366,0.2550099
28886,33,0.0023271933,8.522840018602127e-05,27.305373187247522,0.2056432
28886,36,0.00077139976,8.958030214652103e-05,8.611265462735973,0.028583761
29453,0,0.00010422794,3.2202843477592826e-05,3.2366067332094723,0.13975833
29453,3,0.00014650675,3.094153548095455e-05,4.734953997504468,0.19165583
29453,6,0.00011679693,4.2115457038930125e-05,2.773255699063655,0.1847598
29453,9,8.3749925e-05,2.4050766443635556e-05,3.4822143762547704,0.08412168
29453,12,9.657832e-05,3.8734877462241246e-05,2.493316738352788,0.00871849
33884,0,0.012858391,0.00021171712494911032,60.733824961944826,0.49517152
33884,3,0.0018015323,0.00014265120386126192,12.628931934660798,0.44055268
33884,6,0.0008299609,8.811615407466888e-05,9.418941699959836,0.2969731
33884,9,0.0040027294,8.078403969077354e-05,49.54851782748707,0.23875338
33884,12,0.004749778,0.00015061252572117967,31.53640887268122,0.2743563
33884,15,0.0018440672,0.00016086655569837448,11.463335153302367,0.43882227
33884,18,0.0005113263,0.0001419231374847128,3.602839623630707,0.46973205
33884,21,2.1968955e-05,2.7705305949487583e-05,0.792951195692716,0.4518259
33884,24,0.0011870669,8.157820024705948e-05,14.551275870557914,0.30362067
33884,27,0.0038980527,2.7203105112656633e-05,143.29440390667952,0.25804365
33884,30,0.00021182887,5.0944518892371906e-05,4.158030600591978,0.23747218
33884,33,0.0006739556,9.119417518377304e-05,7.390336017524689,0.18113263
33884,36,0.0033986552,3.484366560711506e-05,97.54011686371666,0.14618266
33884,39,0.001008962,8.20408644590606e-05,12.298286407271325,0.14773414
33884,42,0.00030283103,9.314019351880601e-05,3.2513463812817656,0.1317532
33884,45,0.00023394133,0.0001333770144017453,1.7539853788519706,0.13179049
34623,0,3.194936e-05,2.4126047526109725e-05,1.3242682714454894,0.16090469
34623,3,1.2466064e-05,8.980361521838511e-06,1.3881472007670423,0.1431965
34623,6,1.7211896e-05,7.911463282962746e-06,2.1755641879567005,0.12289298
34623,9,1.711022e-05,9.77825789534031e-06,1.749822956726446,0.077330254
34623,12,0.0010004579,5.412606046871936e-05,18.4838486358412,0.17975113
34623,15,0.00010666941,2.4907038289498776e-05,4.282701467494567,0.22507994
34623,18,0.0016265628,9.163899069770854e-05,17.7496803535669,0.24129118
34623,21,2.2460492e-05,8.127693597108442e-06,2.7634520941146894,0.20034534
34623,24,0.00033095074,2.898795758076805e-05,11.416835551825526,0.17240512
34623,27,0.000380078,3.694734248788433e-05,10.287018900439824,0.16339871
34623,30,0.00010810244,1.4974568485024762e-05,7.219068682842575,0.07517366
35594,0,5.8074256e-05,3.940377265531966e-05,1.4738247715164174,0.14949718
35594,3,3.340614e-05,7.451101369719873e-06,4.4833829143092645,0.12531172
35594,6,0.0001886349,1.7591629504285594e-05,10.722992173779037,0.11855442
35594,9,4.0649218e-05,1.6898820870258705e-05,2.4054470100369234,0.2374423
35594,12,8.022979e-05,3.104452588694527e-05,2.584345709274919,0.29912573
35594,15,1.2313137e-05,9.877612180215248e-06,1.2465701727437386,0.27369612
35594,18,6.7329293e-06,5.965261036490507e-06,1.1286897940238,0.17265499
35594,21,5.6870695e-06,4.136730530398323e-06,1.3747739715943774,0.07176781
35594,24,9.358616e-05,1.6371849577556898e-05,5.71628516118559,0.21615149
35594,27,0.00026615264,3.699206826376154e-05,7.19485690500254,0.3274509
35594,30,2.1397867e-05,4.884905300717405e-05,0.4380405774168912,0.32644376
35594,33,5.3481534e-05,3.149320787571846e-05,1.69819263100787,0.1345727
35594,36,2.5521726e-05,3.98008331180887e-05,0.6412359628610784,0.08553175
37714,0,4.5248376e-05,9.263005538625603e-06,4.884848251532416,0.088484004
37714,3,3.3036235e-05,8.504905866736427e-06,3.8843739183369816,0.07253305
37714,6,0.000376013,3.9634797623024345e-05,9.486941115704738,0.089243926
37714,9,0.0004934396,2.878219721482155e-05,17.143917444080746,0.11994917
37714,12,4.5177465e-05,1.3483462835404467e-05,3.3505832646905,0.13017139
37714,15,5.003087e-06,1.2111676698352428e-05,0.41307964851267226,0.1345663
37714,18,6.24377e-06,4.53134224641117e-06,1.377907353687453,0.11461418
37714,21,1.3265965e-05,1.0448950095141821e-05,1.2695979105391757,0.09725988
37714,24,7.427135e-05,1.7371545099910905e-05,4.275460378444826,0.09908029
37714,27,4.533691e-05,1.2595737798813176e-05,3.599385044821398,0.08962719
37714,30,0.00015244962,4.432939409099995e-05,3.439018769657657,0.0025653664
39819,0,7.54965e-05,2.374217171776802e-05,3.1798481308045585,0.15493055
39819,3,2.5480598e-05,1.557356742349394e-05,1.6361439549359174,0.14110702
39819,6,6.9310986e-06,7.4032720109011895e-06,0.9362209825859027,0.094692186
39819,9,1.772913e-05,7.537332923210999e-06,2.352175450951467,0.119616635
39819,12,6.5102024e-05,5.0219494175720725e-05,1.2963496491386766,0.1934689
39819,15,0.00032566246,2.9195030715237273e-05,11.15472237210715,0.26393992
39819,18,4.066279e-06,1.0214745998382568e-05,0.3980793024309354,0.24522054
39819,21,4.075012e-06,5.7824487312439274e-06,0.704720805850556,0.13525249
39819,24,1.1965597e-05,7.039146557291772e-06,1.6998647308985595,0.115543604
39819,27,5.643464e-05,1.3091690600552458e-05,4.3107221772982065,0.102069944
39819,30,2.0335461e-05,7.17943073547584e-06,2.8324615011680923,0.0951466
39819,33,3.3578493e-07,9.381762944766261e-07,0.35791240333046076,0.0055287424
39819,36,7.9131024e-07,4.497063120188033e-07,1.7596156003869963,0.00628466
40429,0,0.0004769406,8.77971463698022e-05,5.432301765340881,0.23358399
40429,3,0.00013210221,6.477037900464332e-05,2.0395467143100685,0.32768038
40429,6,4.312743e-05,5.409979023673433e-05,0.7971829638905531,0.54308015
40429,9,0.00052032137,0.00011742922497239518,4.430935876770274,0.60537595
40429,12,0.000833969,6.638650604067965e-05,12.562326757460816,0.52109784
40429,15,0.00013826697,5.220743688814184e-05,2.6484152592132633,0.4071569
40429,18,2.8731904e-06,1.3129266741824278e-05,0.21883860334408298,0.44254482
40429,21,0.0003011272,5.842200381324646e-05,5.154345725035673,0.45966646
40429,24,4.693661e-05,4.830605231542536e-05,0.9716507006631063,0.25669286
40429,27,0.00023690014,7.599302904402957e-05,3.1173931074373398,0.14623575
40429,30,0.0001652192,7.132001894902676e-05,2.31658940730043,0.18877025
40429,33,0.0002145539,4.460157311343132e-05,4.810455972991621,0.16986029
40429,36,0.00030226778,4.764355501120395e-05,6.344358321862048,0.15921398
40429,39,3.44303e-05,3.826414591612968e-05,0.8998058078977925,0.24188036
40429,42,0.0002990115,7.700953295731797e-05,3.882785561282362,0.2874847
40429,45,1.39523045e-05,4.137429517713633e-05,0.3372215625944202,0.31672508
40429,48,0.00013981367,5.8358559939772526e-05,2.395769645602154,0.18269603
40429,51,0.0003003572,8.875551692982937e-05,3.3840961773440523,0.16489321
40429,54,9.348963e-05,9.706955244566532e-05,0.9631200342044898,0.037368443
43713,0,0.00037886493,9.758179967707776e-05,3.882536856159446,0.2470373
43713,3,0.000111341964,4.896759848169824e-05,2.273788533272755,0.25476283
43713,6,0.00011258295,4.101815098460684e-05,2.7447105380862906,0.21783508
43713,9,4.7775462e-05,3.7382386545551585e-05,1.2780206515074333,0.1160547
43713,12,5.5759694e-05,2.555504064769187e-05,2.1819450356868075,0.0853638
43713,15,8.363685e-05,2.580276254485262e-05,3.241391260618185,0.075211175
43713,18,7.200001e-05,3.437518310594432e-05,2.0945345832996773,0.080575675
43713,21,4.9229482e-05,3.4670838392636875e-05,1.419910344941769,0.12642466
43713,24,4.956411e-05,3.704178999079035e-05,1.338059275225801,0.1620427
43713,27,8.939867e-05,4.335451732449075e-05,2.06203823934409,0.15621084
43713,30,0.00010786723,4.886937862698068e-05,2.207255986021002,0.12476857
43713,33,8.320021e-05,4.59863507050149e-05,1.8092370941544103,0.15079372
43713,36,0.000114286995,6.328077808498069e-05,1.8060301807911443,0.13404278
43713,39,9.574492e-05,5.806294428382782e-05,1.6489849775019374,0.07822883
43713,42,6.829644e-05,5.435784585139853e-05,1.2564228252234626,0.004537479
44339,0,0.00012406133,4.8951121998277114e-05,2.5343920543791025,0.1676016
44339,3,5.9504782e-05,4.9329115117483954e-05,1.2062811610428705,0.15481281
44339,6,9.466811e-05,3.698052333152674e-05,2.559945120349031,0.13046321
44339,9,0.00026998064,5.924341050868339e-05,4.557142020958134,0.14547023
44339,12,0.0011043663,7.928061259395264e-05,13.929840234158524,0.17957243
44339,15,0.001101277,9.68455396434094e-05,11.371478312368515,0.1899715
44339,18,4.7587495e-05,3.363019440006069e-05,1.4150228914156338,0.14477752
44339,21,5.4305237e-05,2.849645456893647e-05,1.9056839964254875,0.11073633
44339,24,0.000107667256,3.859422050733515e-05,2.789724851885496,0.10290155
44339,27,7.876821e-05,6.181999862669631e-05,1.2741541444286608,0.108504996
44339,30,0.00010493173,6.444224632008278e-05,1.6283065046333043,0.12935294
45305,0,0.01694913,0.00036854982534621626,45.988707785383724,0.19209573
45305,3,0.0032468035,0.00013214076294543894,24.570794528325145,0.16930808
45305,6,0.0007812862,5.875694803259474e-05,13.296916245091744,0.14703451
45305,9,0.0020579305,7.554056479575786e-05,27.242719989927128,0.14157507
45305,12,0.00045647955,0.0001225327636967314,3.7253673131651133,0.13726482
45305,15,0.0012633514,0.00017077467860059534,7.397767765353042,0.13227423
45305,18,0.0038827553,0.00018287939514885558,21.23123433024887,0.114392914
45305,21,0.00016301063,4.679940026649769e-05,3.4831776950021327,0.11093796
45305,24,0.00016444542,3.568290861600891e-05,4.608520528835218,0.10125808
45305,27,0.002416772,9.211406428763207e-05,26.236732556528654,0.09416332
45305,30,0.00052260247,0.00011019468148972126,4.742538014267039,0.072069466
45305,33,0.0030468,0.00023809309176942137,12.796675006953475,0.06457174
45305,36,0.0017571689,6.920990454865262e-05,25.38898039224388,0.05307952
45305,39,0.0021228692,0.00011050029400181263,19.211435305307475,0.04675677
45305,42,0.00042266783,0.00012748473462589243,3.3154387435393176,0.034903117
45305,45,3.162152e-05,0.00017421557865244277,0.1815079879803263,0.03107815
45728,0,0.00030260297,9.582822825363342e-05,3.1577644609360793,0.23731443
45728,3,0.00013105237,5.437607599541228e-05,2.410110758460109,0.25211352
45728,6,0.00032865492,6.654978472184628e-05,4.938482062636734,0.20672679
45728,9,5.9736532e-05,5.197771230435118e-05,1.1492720585950729,0.25845668
45728,12,3.3209482e-05,4.859308791445925e-05,0.683419880866055,0.37391096
45728,15,0.00011165428,6.642756349545844e-05,1.6808425788769852,0.3811963
45728,18,0.00031862332,6.476144227100179e-05,4.919954086175834,0.251103
45728,21,0.00038328528,6.460232977220352e-05,5.932994724270274,0.17926463
45728,24,0.00036545316,8.802718304573222e-05,4.151594410064632,0.16586308
45728,27,3.098012e-05,1.2021700039188913e-05,2.5770166917723434,0.1193153
45728,30,0.0001252122,2.836614123922079e-05,4.414142935730549,0.09478036
45728,33,4.145479e-05,1.7115838845518043e-05,2.422013359020278,0.052616086
45728,36,0.00044275154,3.729100051791744e-05,11.872879022457154,0.121861495
45728,39,0.0007834114,0.00010508159175515175,7.455267525181577,0.17673893
45728,42,0.00015591901,0.00017456367532623574,0.8931927728049935,0.22490427
45728,45,3.417449e-05,9.31042583381876e-05,0.3670561323808626,0.23445235
47306,0,9.9261735e-05,3.6404512703735775e-05,2.7266327107935906,0.14728075
47306,3,6.5695844e-05,3.399390558850892e-05,1.9325771052782101,0.15764034
47306,6,5.694665e-05,3.2105042222649495e-05,1.7737603256370513,0.11321438
47306,9,4.057704e-05,3.3442884624162886e-05,1.2133235841343444,0.14601852
47306,12,0.00021622637,4.778152945986454e-05,4.525312864651291,0.21053627
47306,15,0.0003529638,4.328759089904897e-05,8.153925821878529,0.2168459
47306,18,0.0001210617,3.497397150606551e-05,3.461479843850545,0.18250646
47306,21,0.00059488934,6.899008765182597e-05,8.622823334633964,0.08289025
47306,24,0.00066163746,0.00010046419350707784,6.585803720898125,0.16640948
47306,27,0.00023118111,0.00010746338979360905,2.1512545970042223,0.18596204
47306,30,0.00018670018,7.04232246634808e-05,2.651116667907064,0.16371037
47306,33,4.81346e-05,6.061535269180511e-05,0.7940991432062291,0.04600167
47853,0,5.146652e-05,3.282263865099943e-05,1.5680189357405185,0.13303894
47853,3,4.1445226e-05,3.445378078662969e-05,1.2029224410832298,0.12040462
47853,6,1.8377268e-05,1.566955557172286e-05,1.1728008525705271,0.0976897
47853,9,0.00021226391,3.3250400558748146e-05,6.383800164137853,0.10204564
47853,12,0.00014116877,3.580484499639653e-05,3.9427281399727994,0.23506454
47853,15,7.620637e-05,5.141092821004543e-05,1.4822990858150924,0.26139742
47853,18,0.0002508883,4.8420491053702984e-05,5.181448688851039,0.22428972
47853,21,0.00010655885,3.0042031443023937e-05,3.546992201893068,0.12324941
48686,0,0.00047081156,5.5992619154301094e-05,8.408457515723448,0.4407297
48686,3,0.00016749698,1.795724668401353e-05,9.32754255482616,0.2236473
48686,6,7.3484705e-05,2.8474370334693727e-05,2.5807315311933765,0.14147402
48686,9,7.7841956e-05,3.3435285428261505e-05,2.328137930619373,0.17795451
48686,12,9.6752236e-05,4.033439921492592e-05,2.398752366037437,0.25221202
48686,15,0.00023213123,4.855070778347076e-05,4.781212170737466,0.22691852
48686,18,0.00016600764,4.279848802438442e-05,3.8788201501461144,0.14829795
51441,0,0.012907979,0.00016002925707304732,80.66011999730064,0.44159442
51441,3,0.00026952813,0.00013220877921644677,2.0386553051578526,0.3645178
51441,6,0.0007415882,0.00015608896996746673,4.7510607877326425,0.367351
51441,9,0.002091795,7.226203687171986e-05,28.94735692204018,0.32736325
51441,12,0.001564773,0.00024006812971957186,6.518037334941445,0.27978107
51441,15,0.0058221105,0.00011809181144579928,49.30155939013077,0.27814826
51441,18,0.0010989172,0.00013282842577454893,8.27320815347482,0.35949716
51441,21,0.004262194,0.00035064980546210676,12.155130192701721,0.43292522
51441,24,0.003491526,0.00021615394569457846,16.1529598393751,0.48299474
51441,27,0.003506737,3.4090711120912366e-05,102.86488452147293,0.36409408
51441,30,9.754243e-05,5.9173804053917845e-05,1.6484055391368242,0.385318
51441,33,0.00030357242,7.988923685030735e-05,3.799916410456238,0.36969438
51441,36,0.010454931,7.465037893741688e-05,140.05195211631897,0.35426995
51441,39,0.000692054,6.734238481743538e-05,10.276648071162745,0.36818507
51441,42,0.0002884614,0.00013519125059247017,2.133728269742802,0.2617596
51441,45,0.00019014707,9.44083774501973e-05,2.014091046843144,0.15504344
51625,0,0.00021942207,0.00013437207312660013,1.6329440135843154,0.1726511
51625,3,0.00011389323,4.0505361307333125e-05,2.8118062364914795,0.15885432
51625,6,3.9427316e-05,3.607036109934462e-05,1.0930668404752018,0.100287154
51625,9,4.641977e-05,2.551091924071946e-05,1.8196039416444283,0.082476124
51625,12,6.0623464e-05,2.0730446657522562e-05,2.9243684605462525,0.08779242
51625,15,4.181277e-05,2.1398169028156615e-05,1.9540349939408617,0.09162854
51625,18,3.8031532e-05,2.277162956430557e-05,1.670127831885937,0.098303005
51625,21,0.00012847314,2.4050986889670504e-05,5.341699333915618,0.0919524
51625,24,7.420002e-05,3.6122839640271154e-05,2.0541026131252957,0.06636322
51625,27,0.00016677512,4.9653046942771746e-05,3.3588093898456535,0.16569656
51625,30,0.00018604157,7.078750059008598e-05,2.628169711870539,0.19849025
51625,33,0.00017791885,0.0001272755040925868,1.397903290888148,0.219864
51625,36,0.00038036655,0.00018243610541871254,2.0849302006094192,0.17201386
53145,0,0.010234862,0.00015185228449867127,67.40011629368173,0.47643432
53145,3,0.000311363,0.00015945075713890664,1.9527219516391598,0.4038122
53145,6,0.0002566599,0.00011100255428476536,2.3121981404770575,0.310917
53145,9,0.0010416129,0.00010913888864377712,9.543921053795003,0.23193513
53145,12,0.003086123,0.00016653953873096628,18.53087225128448,0.18960592
53145,15,0.0010096923,0.0001562626319045716,6.461508482386793,0.22259031
53145,18,0.004997366,0.00027230154088837036,18.352324014387204,0.4289005
53145,21,0.003045838,0.00023559312474854448,12.92838276429337,0.4582561
53145,24,5.841854e-05,5.331740992024858e-05,1.0956747539008533,0.4100822
53145,27,0.00029835245,0.00010395558313169377,2.8699992575590545,0.3028212
53145,30,0.002437956,7.02669259477803e-05,34.69563951756604,0.22644176
53145,33,0.0042254333,7.254579798021215e-05,58.24504597200859,0.21459739
53145,36,0.00039337596,5.9298373402116146e-05,6.633840618453782,0.1732128
53145,39,0.0007670602,8.527172650111482e-05,8.995481125407725,0.13710402
53145,42,0.00028894062,3.1967550773728404e-05,9.03855972353049,0.10338081
53145,45,1.5772592e-05,6.0610923955732207e-05,0.2602268814592177,0.11645158
